sentence_id,source_id,juan_num,juan_label,paragraph_idx,sentence_idx,utterance_id,text_punctuated,text_plain,char_count,has_li,has_qi,li_qi_category,byline,headings
Z010823,卷二十一#p028#s3,21,卷二十一,28,3,卷二十一#p028,"""又問:""忠是人心實理,於事父謂之孝,處朋友謂之信,獨於事君謂之忠,何也?""曰:""父子、兄弟、朋友,皆是分義相親,至於事君,則分際甚嚴,人每若有不得已之意,非有出於忠心之誠者,故聖人以事君盡忠言之。",又問忠是人心實理於事父謂之孝處朋友謂之信獨於事君謂之忠何也曰父子兄弟朋友皆是分義相親至於事君則分際甚嚴人每若有不得已之意非有出於忠心之誠者故聖人以事君盡忠言之,79,True,False,li_only,"{""raw"": ""(卓/)""}","[{""level"": 2, ""text"": ""論語三""}, {""level"": 3, ""text"": ""學而篇中""}, {""level"": 4, ""text"": ""曽子曰吾日三省吾身章""}, {""level"": 4, ""text"": ""道千乘之國章""}, {""level"": 4, ""text"": ""弟子入則孝章""}, {""level"": 4, ""text"": ""賢賢易色章""}, {""level"": 4, ""text"": ""君子不重則不威章""}]"
Z002620,卷六#p008#s1,6,卷六,8,1,卷六#p008,"問:""既是一理,又謂五常,何也?""曰:""謂之一理亦可,五理亦可。",問既是一理又謂五常何也曰謂之一理亦可五理亦可,22,True,False,li_only,"{""raw"": ""(節/)""}","[{""level"": 2, ""text"": ""性理三""}, {""level"": 3, ""text"": ""仁義禮智等名義""}]"
Z034386,卷六十六#p020#s24,66,卷六十六,20,24,卷六十六#p020,"若曉得某一人說,則曉得伏羲、文王之《易,本是作如此用,元未有許多道理在,方不失《易》之本意。",若曉得某一人說則曉得伏羲文王之易本是作如此用元未有許多道理在方不失易之本意,37,True,False,li_only,,"[{""level"": 2, ""text"": ""易二""}, {""level"": 3, ""text"": ""綱領中""}, {""level"": 4, ""text"": ""卜筮""}, {""level"": 4, ""text"": ""象""}]"
Z030967,卷六十一#p048#s7,61,卷六十一,48,7,卷六十一#p048,"可者天理也,不可者,人欲也。",可者天理也不可者人欲也,11,True,False,li_only,"{""raw"": ""(謨○/集義)""}","[{""level"": 2, ""text"": ""孟子十一""}, {""level"": 3, ""text"": ""盡心下""}, {""level"": 4, ""text"": ""盡信書章""}, {""level"": 4, ""text"": ""舜之飯糗茹草章""}, {""level"": 4, ""text"": ""好名之人章""}, {""level"": 4, ""text"": ""民為貴章""}, {""level"": 4, ""text"": ""仁也者人也章""}, {""level"": 4, ""text"": ""貉稽曰章""}, {""level"": 4, ""text"": ""口之於味也章""}, {""level"": 4, ""text"": ""浩生不害問曰章""}, {""level"": 4, ""text"": ""逃墨必歸於楊章""}, {""level"": 4, ""text"": ""盆成括仕於齊章""}, {""level"": 4, ""text"": ""人皆有所不忍章""}, {""level"": 4, ""text"": ""言近而指逺章""}, {""level"": 4, ""text"": ""堯舜性者也章""}, {""level"": 4, ""text"": ""說大人則藐之章""}, {""level"": 4, ""text"": ""養心莫善於寡欲章""}, {""level"": 4, ""text"": ""曾晢嗜羊棗章""}, {""level"": 4, ""text"": ""萬章問孔子在陳章""}, {""level"": 4, ""text"": ""由堯舜至於湯章""}]"
Z028153,卷五十六#p046#s1,56,卷五十六,46,1,卷五十六#p046,"問:""性中雖具四端五常,其實只是一理。",問性中雖具四端五常其實只是一理,15,True,False,li_only,"{""raw"": ""(柄/)""}","[{""level"": 2, ""text"": ""孟子六""}, {""level"": 3, ""text"": ""離婁上""}, {""level"": 4, ""text"": ""離婁之明章""}, {""level"": 4, ""text"": ""規矩方圓之至章""}, {""level"": 4, ""text"": ""三代之得天下章""}, {""level"": 4, ""text"": ""愛人不親章""}, {""level"": 4, ""text"": ""為政不難章""}, {""level"": 4, ""text"": ""天下有道章""}, {""level"": 4, ""text"": ""自暴者章""}, {""level"": 4, ""text"": ""居下位章""}, {""level"": 4, ""text"": ""伯夷辟紂章""}, {""level"": 4, ""text"": ""求也為季氏宰章""}, {""level"": 4, ""text"": ""恭者不侮人章""}, {""level"": 4, ""text"": ""淳于髠曰章""}, {""level"": 4, ""text"": ""人不足與適章""}, {""level"": 4, ""text"": ""人之患章""}, {""level"": 4, ""text"": ""孟子謂樂正子曰章""}, {""level"": 4, ""text"": ""仁之實章""}, {""level"": 4, ""text"": ""天下大悦章""}]"
Z015327,卷二十七#p102#s7,27,卷二十七,102,7,卷二十七#p102,"夢子善云:""初曉忠者天道,恕者人道,不得後畧曉得,因以二句解之云:""天道是自然之理具,人道是自然之理行。",夢子善云初曉忠者天道恕者人道不得後畧曉得因以二句解之云天道是自然之理具人道是自然之理行,43,True,False,li_only,"{""raw"": ""(賀孫/)""}","[{""level"": 2, ""text"": ""論語九""}, {""level"": 3, ""text"": ""里仁篇下""}, {""level"": 4, ""text"": ""子曰參乎章""}, {""level"": 4, ""text"": ""君子喻於義章""}, {""level"": 4, ""text"": ""見賢思齊焉章""}, {""level"": 4, ""text"": ""事父母幾諫章""}, {""level"": 4, ""text"": ""父母在章""}, {""level"": 4, ""text"": ""父母之年章""}, {""level"": 3, ""text"": ""古者言之不出章""}, {""level"": 4, ""text"": ""以約失之章""}, {""level"": 4, ""text"": ""君子欲訥於言章""}, {""level"": 4, ""text"": ""徳不孤章""}, {""level"": 4, ""text"": ""事君數章""}]"
Z009795,卷十九#p081#s3,19,卷十九,81,3,卷十九#p081,"如《語孟集義》中所載諸先生語,須是熟讀,一一記放心下,時時將來玩味,久久自然理㑹得。",如語孟集義中所載諸先生語須是熟讀一一記放心下時時將來玩味久久自然理㑹得,35,True,False,li_only,"{""raw"": ""(廣/)""}","[{""level"": 2, ""text"": ""論語一""}, {""level"": 3, ""text"": ""語孟綱領""}]"
Z008711,卷十七#p059#s7,17,卷十七,59,7,卷十七#p059,"道夫云:""所以《或問》中有始終條理之别也,良為此爾。",道夫云所以或問中有始終條理之别也良為此爾,20,True,False,li_only,"{""raw"": ""(道夫/)""}","[{""level"": 2, ""text"": ""大學四(或問上/)""}, {""level"": 3, ""text"": ""或問吾子以為大人之學一叚""}, {""level"": 3, ""text"": ""此篇所謂在明明徳一叚""}, {""level"": 3, ""text"": ""知止而後有定以下一叚""}, {""level"": 3, ""text"": ""古之欲明明徳扵天下一叚""}, {""level"": 3, ""text"": ""治國平天下者諸侯之事一叚""}, {""level"": 2, ""text"": ""傳一章""}, {""level"": 3, ""text"": ""然則其曰克明徳一叚""}, {""level"": 3, ""text"": ""顧諟天之明命一叚""}, {""level"": 3, ""text"": ""是三者固皆自明之事一叚""}, {""level"": 2, ""text"": ""傳二章""}, {""level"": 3, ""text"": ""或問盤之有銘一叚""}, {""level"": 2, ""text"": ""傳三章""}, {""level"": 3, ""text"": ""復引淇澳之詩一叚""}]"
Z058544,卷一百十三#p032#s20,113,卷一百十三,32,20,卷一百十三#p032,"""爾湏是平時精考後躬行之,使凡一言一行,皆出乎此理,則這邉自重。",爾湏是平時精考後躬行之使凡一言一行皆出乎此理則這邉自重,27,True,False,li_only,,"[{""level"": 2, ""text"": ""朱子十""}, {""level"": 3, ""text"": ""訓門人一""}]"
Z003311,卷八#p012#s1,8,卷八,12,1,卷八#p012,"這箇道理,各自有地頭,不可只就一面説。",這箇道理各自有地頭不可只就一面説,16,True,False,li_only,"{""raw"": ""(僴/)""}","[{""level"": 2, ""text"": ""學二""}, {""level"": 3, ""text"": ""總論為學之方""}]"
Z003089,卷六#p117#s11,6,卷六,117,11,卷六#p117,"然添一句,又成一重,須自看得,便都理㑹得。",然添一句又成一重須自看得便都理㑹得,17,True,False,li_only,"{""raw"": ""(淳○/㝢同)""}","[{""level"": 2, ""text"": ""性理三""}, {""level"": 3, ""text"": ""仁義禮智等名義""}]"
Z009084,卷十八#p070#s5,18,卷十八,70,5,卷十八#p070,"見人之敏者,太去理會,外事則教之使去父慈子孝處理會曰:""若不務此,而徒欲汎然以觀萬物之理,則吾恐其如大軍之遊騎,出太逺而無所歸。",見人之敏者太去理會外事則教之使去父慈子孝處理會曰若不務此而徒欲汎然以觀萬物之理則吾恐其如大軍之遊騎出太逺而無所歸,56,True,False,li_only,"{""raw"": ""(廣/)""}","[{""level"": 2, ""text"": ""大學五(或問下/)""}, {""level"": 3, ""text"": ""獨其所謂格物致知者一段""}, {""level"": 3, ""text"": ""然則吾子之意亦可得而悉聞一段""}, {""level"": 3, ""text"": ""近世大儒有為格物致知之説一段""}, {""level"": 3, ""text"": ""傳六章""}, {""level"": 3, ""text"": ""傳七章""}, {""level"": 3, ""text"": ""傳九章""}, {""level"": 3, ""text"": ""傳十章""}]"
Z027429,卷五十三#p076#s1,53,卷五十三,76,1,卷五十三#p076,"問體認四端擴充之意,如朋友相親,充之而無間斷,則貧病必相䘏,患難必相死,至於仁民愛物,莫不皆然,則仁之理得矣。",問體認四端擴充之意如朋友相親充之而無間斷則貧病必相䘏患難必相死至於仁民愛物莫不皆然則仁之理得矣,47,True,False,li_only,"{""raw"": ""(賀孫/)""}","[{""level"": 2, ""text"": ""孟子三""}, {""level"": 3, ""text"": ""公孫丑中""}, {""level"": 4, ""text"": ""以力假仁章""}, {""level"": 4, ""text"": ""仁則榮章""}, {""level"": 4, ""text"": ""尊賢使能章""}, {""level"": 4, ""text"": ""人皆有不忍人之心章""}, {""level"": 4, ""text"": ""矢人豈不仁於函人章""}, {""level"": 4, ""text"": ""子路人告以有過則喜章""}, {""level"": 4, ""text"": ""伯夷非其君不事章""}]"
Z029447,卷五十九#p080#s3,59,卷五十九,80,3,卷五十九#p080,"至夜氣之静而猶不足以存,則去禽獸不逺,言人理都喪也。",至夜氣之静而猶不足以存則去禽獸不逺言人理都喪也,23,True,True,both,"{""raw"": ""(大/雅)""}","[{""level"": 2, ""text"": ""孟子九""}, {""level"": 3, ""text"": ""告子上""}, {""level"": 4, ""text"": ""性猶杞栁章""}, {""level"": 4, ""text"": ""性猶湍水章""}, {""level"": 4, ""text"": ""生之謂性章""}, {""level"": 4, ""text"": ""食色性也章""}, {""level"": 4, ""text"": ""性無善無不善章""}, {""level"": 4, ""text"": ""富嵗子弟多賴章""}, {""level"": 4, ""text"": ""牛山之木章""}, {""level"": 4, ""text"": ""魚我所欲章""}, {""level"": 4, ""text"": ""仁人心也章""}, {""level"": 4, ""text"": ""人之於身也章""}, {""level"": 4, ""text"": ""公都子問鈞是人也章""}, {""level"": 4, ""text"": ""有天爵者章""}, {""level"": 4, ""text"": ""欲貴者人之同心章""}, {""level"": 4, ""text"": ""仁之勝不仁也章""}, {""level"": 4, ""text"": ""五榖種之羙者章""}, {""level"": 3, ""text"": ""告子下""}, {""level"": 4, ""text"": ""任人有問屋廬子章""}, {""level"": 4, ""text"": ""曹交問曰章""}, {""level"": 4, ""text"": ""淳于髠曰先名實者章""}, {""level"": 4, ""text"": ""魯欲使慎子為將軍章""}, {""level"": 4, ""text"": ""舜發於畎畝章""}, {""level"": 4, ""text"": ""教亦多術矣章""}]"
Z069633,卷一百三十七#p013#s9,137,卷一百三十七,13,9,卷一百三十七#p013,"今且於自已上作工夫,立得本,本立則條理分明,不待辨。",今且於自已上作工夫立得本本立則條理分明不待辨,22,True,False,li_only,"{""raw"": ""(可/學)""}","[{""level"": 2, ""text"": ""戰國漢唐諸子""}]"
Z002692,卷六#p028#s1,6,卷六,28,1,卷六#p028,"誠,實理也,亦誠慤也。",誠實理也亦誠慤也,8,True,False,li_only,"{""raw"": ""(砥/)""}","[{""level"": 2, ""text"": ""性理三""}, {""level"": 3, ""text"": ""仁義禮智等名義""}]"
Z024331,卷四十四#p105#s2,44,卷四十四,105,2,卷四十四#p105,"此與上智、下愚不移,不相梗否?""曰:""不干那事,若恁地比並理㑹,其間都没理㑹了。",此與上智下愚不移不相梗否曰不干那事若恁地比並理㑹其間都没理㑹了,31,True,False,li_only,"{""raw"": ""(淳/)""}","[{""level"": 2, ""text"": ""論語二十六""}, {""level"": 3, ""text"": ""憲問篇""}, {""level"": 4, ""text"": ""憲問恥章""}, {""level"": 4, ""text"": ""克伐怨欲不行章""}, {""level"": 4, ""text"": ""有徳者必有言章""}, {""level"": 4, ""text"": ""南宫适問於孔子章""}, {""level"": 4, ""text"": ""君子而不仁者章""}, {""level"": 4, ""text"": ""愛之能勿勞乎章""}, {""level"": 4, ""text"": ""為命章""}, {""level"": 4, ""text"": ""或問子産章""}, {""level"": 4, ""text"": ""貧而無怨章""}, {""level"": 4, ""text"": ""子路問成人章""}, {""level"": 4, ""text"": ""子問公叔文子章""}, {""level"": 4, ""text"": ""晉文公譎而不正章""}, {""level"": 4, ""text"": ""子路曰桓公殺公子糾章""}, {""level"": 4, ""text"": ""子貢曰管仲非仁章""}, {""level"": 4, ""text"": ""陳成子弑簡公章""}, {""level"": 4, ""text"": ""子路問事君章""}, {""level"": 4, ""text"": ""君子上達章""}, {""level"": 4, ""text"": ""古之學者為己章""}, {""level"": 4, ""text"": ""蘧伯玉使人於孔子章""}, {""level"": 4, ""text"": ""君子恥其言過其行章""}, {""level"": 4, ""text"": ""子貢方人章""}, {""level"": 4, ""text"": ""不逆詐章""}, {""level"": 4, ""text"": ""微生畝謂孔子章""}, {""level"": 4, ""text"": ""驥不稱其力章""}, {""level"": 4, ""text"": ""以徳報怨章""}, {""level"": 4, ""text"": ""莫我知也夫章""}, {""level"": 4, ""text"": ""公伯寮愬子路章""}, {""level"": 4, ""text"": ""賢者辟世章""}, {""level"": 4, ""text"": ""子路宿於石門章""}, {""level"": 4, ""text"": ""子擊磬於衛章""}, {""level"": 4, ""text"": ""上好禮章""}, {""level"": 4, ""text"": ""子路問君子章""}, {""level"": 4, ""text"": ""原壤夷俟章""}, {""level"": 4, ""text"": ""闕黨童子將命章""}]"
Z058340,卷一百十三#p011#s11,113,卷一百十三,11,11,卷一百十三#p011,"且如做舉業,亦湏苦心理㑹文字,方可以決科讀書。",且如做舉業亦湏苦心理㑹文字方可以決科讀書,20,True,False,li_only,,"[{""level"": 2, ""text"": ""朱子十""}, {""level"": 3, ""text"": ""訓門人一""}]"
Z027901,卷五十五#p058#s3,55,卷五十五,58,3,卷五十五#p058,"如一株木,順生向上去,是順理,今一枝乃逆下生来,是逆理也。",如一株木順生向上去是順理今一枝乃逆下生来是逆理也,24,True,False,li_only,,"[{""level"": 2, ""text"": ""孟子五""}, {""level"": 3, ""text"": ""滕文公上""}, {""level"": 4, ""text"": ""滕文公為世子章""}, {""level"": 4, ""text"": ""惡(惡不可謂從善中直下来只/是不䏻善則偏於一邊為惡)""}, {""level"": 4, ""text"": ""滕定公薨章""}, {""level"": 4, ""text"": ""滕文公問為國章""}, {""level"": 4, ""text"": ""有為神農之言章""}, {""level"": 4, ""text"": ""墨者夷之章""}, {""level"": 3, ""text"": ""滕文公下""}, {""level"": 4, ""text"": ""陳代曰不見諸侯章""}, {""level"": 4, ""text"": ""景春曰公孫衍張儀章""}, {""level"": 4, ""text"": ""公孫丑問不見諸侯章""}, {""level"": 4, ""text"": ""公都子問好辯章""}]"
Z060724,卷一百十八#p048#s17,118,卷一百十八,48,17,卷一百十八#p048,"正如入仕之初㸔公案,初㸔時,自是未相諳,較難理㑹,須著些心力,如法攷䆒。",正如入仕之初㸔公案初㸔時自是未相諳較難理㑹須著些心力如法攷䆒,30,True,False,li_only,,"[{""level"": 2, ""text"": ""朱子十五""}, {""level"": 3, ""text"": ""訓門人六""}]"
Z034727,卷六十六#p084#s8,66,卷六十六,84,8,卷六十六#p084,"若未得正路脉,先去理㑹這様處,便踈略。",若未得正路脉先去理㑹這様處便踈略,16,True,False,li_only,"{""raw"": ""(僴○文/蔚同)""}","[{""level"": 2, ""text"": ""易二""}, {""level"": 3, ""text"": ""綱領中""}, {""level"": 4, ""text"": ""卜筮""}, {""level"": 4, ""text"": ""象""}]"
Z001145,卷三#p015#s3,3,卷三,15,3,卷三#p015,"""鄭景望遂以薛氏所見爲實理,不知此特虹霓之類耳。",鄭景望遂以薛氏所見爲實理不知此特虹霓之類耳,21,True,False,li_only,"{""raw"": ""(必大/)""}","[{""level"": 2, ""text"": ""鬼神""}]"
Z018340,卷三十三#p062#s2,33,卷三十三,62,2,卷三十三#p062,"蓋仁者之心雖無窮,而仁者之事則有限,自是無可了之理。",蓋仁者之心雖無窮而仁者之事則有限自是無可了之理,23,True,False,li_only,"{""raw"": ""(時/舉)""}","[{""level"": 2, ""text"": ""論語十五""}, {""level"": 3, ""text"": ""雍也篇四""}, {""level"": 4, ""text"": ""齊一變至於魯章""}, {""level"": 4, ""text"": ""觚不觚章""}, {""level"": 4, ""text"": ""井有仁焉章""}, {""level"": 4, ""text"": ""君子博學扵文章""}, {""level"": 4, ""text"": ""子見南子章""}, {""level"": 4, ""text"": ""中庸之為徳章""}, {""level"": 4, ""text"": ""子貢曰如有博施扵民章""}]"
Z058638,卷一百十四#p005#s4,114,卷一百十四,5,4,卷一百十四#p005,"每日閒慢時多,如欲理㑹道理,理㑹不得,便掉過三五日,半月日不當事,鑚不透,便休了。",每日閒慢時多如欲理㑹道理理㑹不得便掉過三五日半月日不當事鑚不透便休了,34,True,False,li_only,,"[{""level"": 2, ""text"": ""朱子十一""}, {""level"": 3, ""text"": ""訓門人二""}]"
Z046156,卷八十三#p132#s4,83,卷八十三,132,4,卷八十三#p132,"書中間亦極有難考處,只如《禹貢》說三江及荆、揚間地理,是吾輩親目見者,皆有疑,至北方即無疑。",書中間亦極有難考處只如禹貢說三江及荆揚間地理是吾輩親目見者皆有疑至北方即無疑,38,True,False,li_only,"{""raw"": ""(大/雅)""}","[{""level"": 2, ""text"": ""春秋""}, {""level"": 3, ""text"": ""綱領""}, {""level"": 4, ""text"": ""經(傳附/)""}, {""level"": 3, ""text"": ""有兩處說皆作刑罰字說(義剛○/十二年)""}]"
Z034680,卷六十六#p076#s8,66,卷六十六,76,8,卷六十六#p076,"問:""孔子專以義理說《易》如何?""曰:""自上世傳流至此,象數已分明,不須更說,故孔子只於義理上說,伊川亦從孔子。",問孔子專以義理說易如何曰自上世傳流至此象數已分明不須更說故孔子只於義理上說伊川亦從孔子,43,True,False,li_only,"{""raw"": ""(可/學)""}","[{""level"": 2, ""text"": ""易二""}, {""level"": 3, ""text"": ""綱領中""}, {""level"": 4, ""text"": ""卜筮""}, {""level"": 4, ""text"": ""象""}]"
Z017679,卷三十二#p041#s4,32,卷三十二,41,4,卷三十二#p041,"樂之者,是好之已至,而此理已得之於已。",樂之者是好之已至而此理已得之於已,16,True,False,li_only,"{""raw"": ""(南升/)""}","[{""level"": 2, ""text"": ""論語十四""}, {""level"": 3, ""text"": ""雍也篇三""}, {""level"": 4, ""text"": ""冉求曰非不説子之道章""}, {""level"": 4, ""text"": ""子謂子夏曰章""}, {""level"": 4, ""text"": ""子游為武城宰章""}, {""level"": 4, ""text"": ""孟之反不伐章""}, {""level"": 4, ""text"": ""不有祝鮀之佞章""}, {""level"": 4, ""text"": ""誰能出不由户章""}, {""level"": 4, ""text"": ""質勝文則野章""}, {""level"": 4, ""text"": ""人之生也直章""}, {""level"": 4, ""text"": ""知之者不如好之者章""}, {""level"": 4, ""text"": ""中人以上章""}, {""level"": 4, ""text"": ""樊遲問知章""}, {""level"": 4, ""text"": ""知者樂水章""}]"
Z026706,卷五十二#p142#s7,52,卷五十二,142,7,卷五十二#p142,"告子不得於言,勿求於心,不得扵心,勿求於氣,只是一味勃然,不顧義理。",告子不得於言勿求於心不得扵心勿求於氣只是一味勃然不顧義理,28,True,True,both,"{""raw"": ""(謨/)""}","[{""level"": 2, ""text"": ""孟子二""}, {""level"": 3, ""text"": ""公孫丑上""}, {""level"": 4, ""text"": ""問夫子當路於齊章""}, {""level"": 4, ""text"": ""問夫子加齊之卿相章""}]"
Z045488,卷八十三#p006#s7,83,卷八十三,6,7,卷八十三#p006,"魯桓之弑,天王之不能討,罪惡自著,何待於去秋冬而後見乎?又如貶滕稱子,而滕遂至於終春秋》稱子,豈有此理?今朝廷立法,降官者猶經赦叙復,豈有因滕子之朝桓,遂併其子孫而降爵乎?",魯桓之弑天王之不能討罪惡自著何待於去秋冬而後見乎又如貶滕稱子而滕遂至於終春秋稱子豈有此理今朝廷立法降官者猶經赦叙復豈有因滕子之朝桓遂併其子孫而降爵乎,74,True,False,li_only,"{""raw"": ""(人/傑)""}","[{""level"": 2, ""text"": ""春秋""}, {""level"": 3, ""text"": ""綱領""}, {""level"": 4, ""text"": ""經(傳附/)""}, {""level"": 3, ""text"": ""有兩處說皆作刑罰字說(義剛○/十二年)""}]"
Z009771,卷十九#p075#s3,19,卷十九,75,3,卷十九#p075,"某舊日只恐《集義》中有未曉得義理,費盡心力,看來看去,近日方始都無疑了。",某舊日只恐集義中有未曉得義理費盡心力看來看去近日方始都無疑了,30,True,False,li_only,"{""raw"": ""(賀/孫)""}","[{""level"": 2, ""text"": ""論語一""}, {""level"": 3, ""text"": ""語孟綱領""}]"
Z008965,卷十八#p043#s1,18,卷十八,43,1,卷十八#p043,"問格物窮理,但立誠意以格之。",問格物窮理但立誠意以格之,12,True,False,li_only,"{""raw"": ""(道夫/)""}","[{""level"": 2, ""text"": ""大學五(或問下/)""}, {""level"": 3, ""text"": ""獨其所謂格物致知者一段""}, {""level"": 3, ""text"": ""然則吾子之意亦可得而悉聞一段""}, {""level"": 3, ""text"": ""近世大儒有為格物致知之説一段""}, {""level"": 3, ""text"": ""傳六章""}, {""level"": 3, ""text"": ""傳七章""}, {""level"": 3, ""text"": ""傳九章""}, {""level"": 3, ""text"": ""傳十章""}]"
Z052819,卷九十七#p006#s3,97,卷九十七,6,3,卷九十七#p006,"'然於道理,未有所見,故其説前後相反,沒理㑹。",然於道理未有所見故其説前後相反沒理㑹,18,True,False,li_only,"{""raw"": ""(賀/孫)""}","[{""level"": 2, ""text"": ""程子之書三(此卷係遺書中非入近思與四書/等注者以類而從别為一卷文集)""}]"
Z009231,卷十八#p088#s24,18,卷十八,88,24,卷十八#p088,"大要只是觀得理分明,便勝得他。",大要只是觀得理分明便勝得他,13,True,False,li_only,"{""raw"": ""(明作/)""}","[{""level"": 2, ""text"": ""大學五(或問下/)""}, {""level"": 3, ""text"": ""獨其所謂格物致知者一段""}, {""level"": 3, ""text"": ""然則吾子之意亦可得而悉聞一段""}, {""level"": 3, ""text"": ""近世大儒有為格物致知之説一段""}, {""level"": 3, ""text"": ""傳六章""}, {""level"": 3, ""text"": ""傳七章""}, {""level"": 3, ""text"": ""傳九章""}, {""level"": 3, ""text"": ""傳十章""}]"
Z050441,卷九十四#p041#s1,94,卷九十四,41,1,卷九十四#p041,"太極者,如屋之有極,天之有極,到這裏更没去處,理之極至者也。",太極者如屋之有極天之有極到這裏更没去處理之極至者也,25,True,False,li_only,"{""raw"": ""(謨/)""}","[{""level"": 2, ""text"": ""周子之書""}, {""level"": 3, ""text"": ""太極圖""}, {""level"": 3, ""text"": ""通書""}, {""level"": 4, ""text"": ""誠上""}, {""level"": 4, ""text"": ""誠下""}, {""level"": 4, ""text"": ""誠㡬徳""}, {""level"": 4, ""text"": ""聖""}, {""level"": 4, ""text"": ""慎動""}, {""level"": 4, ""text"": ""師""}, {""level"": 4, ""text"": ""幸""}, {""level"": 4, ""text"": ""思""}, {""level"": 4, ""text"": ""志學""}, {""level"": 4, ""text"": ""動静""}, {""level"": 4, ""text"": ""樂一""}, {""level"": 4, ""text"": ""聖學""}, {""level"": 4, ""text"": ""理性命""}, {""level"": 4, ""text"": ""顔子""}, {""level"": 4, ""text"": ""師友""}, {""level"": 4, ""text"": ""勢""}, {""level"": 4, ""text"": ""文辭""}, {""level"": 4, ""text"": ""聖藴""}, {""level"": 4, ""text"": ""精藴""}, {""level"": 4, ""text"": ""乾損益動""}, {""level"": 4, ""text"": ""䝉艮""}, {""level"": 4, ""text"": ""後録""}, {""level"": 4, ""text"": ""拙賦""}]"
Z046933,卷八十六#p029#s12,86,卷八十六,29,12,卷八十六#p029,用之曰:'人如何測得如此?恐無此理。,用之曰人如何測得如此恐無此理,14,True,False,li_only,"{""raw"": ""(僴/)""}","[{""level"": 2, ""text"": ""禮三""}, {""level"": 4, ""text"": ""周禮""}, {""level"": 4, ""text"": ""總論""}, {""level"": 4, ""text"": ""論近世諸儒說""}, {""level"": 4, ""text"": ""天官""}, {""level"": 4, ""text"": ""地官""}, {""level"": 4, ""text"": ""春官""}, {""level"": 4, ""text"": ""夏官""}, {""level"": 4, ""text"": ""秋官""}, {""level"": 4, ""text"": ""冬官""}]"
Z033163,卷六十四#p055#s2,64,卷六十四,55,2,卷六十四#p055,"人在天地中間,雖只是一理,然天人所為,各自有分,人做得底,却有天做不得底。",人在天地中間雖只是一理然天人所為各自有分人做得底却有天做不得底,31,True,False,li_only,"{""raw"": ""(閎/祖)""}","[{""level"": 2, ""text"": ""中庸三""}, {""level"": 3, ""text"": ""第二十章""}, {""level"": 3, ""text"": ""第二十一章""}, {""level"": 3, ""text"": ""第二十二章""}, {""level"": 3, ""text"": ""第二十三章""}, {""level"": 3, ""text"": ""第二十四章""}, {""level"": 3, ""text"": ""第二十五章""}, {""level"": 3, ""text"": ""第二十六章""}, {""level"": 3, ""text"": ""第二十七章""}, {""level"": 3, ""text"": ""第二十八章""}, {""level"": 3, ""text"": ""第二十九章""}, {""level"": 3, ""text"": ""第三十章""}, {""level"": 3, ""text"": ""第三十一章""}, {""level"": 3, ""text"": ""第三十二章""}, {""level"": 3, ""text"": ""第三十三章""}]"
Z003917,卷十#p003#s2,10,卷十,3,2,卷十#p003,"自家身上道理都具,不曾外面添得來。",自家身上道理都具不曾外面添得來,15,True,False,li_only,"{""raw"": ""(佐/)""}","[{""level"": 2, ""text"": ""學四""}, {""level"": 3, ""text"": ""讀書法上""}]"
Z061602,卷一百二十#p025#s1,120,卷一百二十,25,1,卷一百二十#p025,"語敬之曰:""這道理也只是如此看,湏是自家自奮迅做去,始得看。",語敬之曰這道理也只是如此看湏是自家自奮迅做去始得看,25,True,False,li_only,"{""raw"": ""(賀孫/)""}","[{""level"": 2, ""text"": ""朱子十七""}, {""level"": 3, ""text"": ""訓門人八(雜訓諸門人/者為此卷)""}]"
Z013388,卷二十五#p020#s2,25,卷二十五,20,2,卷二十五#p020,"若曰""義者,天下之正理也得。",若曰義者天下之正理也得,11,True,False,li_only,"{""raw"": ""(義剛/)""}","[{""level"": 2, ""text"": ""論語七""}, {""level"": 3, ""text"": ""八佾篇""}, {""level"": 4, ""text"": ""孔子謂季氏章""}, {""level"": 4, ""text"": ""三家者以雍徹章""}, {""level"": 4, ""text"": ""人而不仁如禮何章""}, {""level"": 4, ""text"": ""林放問禮之本章""}, {""level"": 4, ""text"": ""夷狄之有君章""}, {""level"": 4, ""text"": ""季氏旅於泰山章""}, {""level"": 4, ""text"": ""君子無所争章""}, {""level"": 4, ""text"": ""巧笑倩兮章""}, {""level"": 4, ""text"": ""夏禮吾能言之章""}, {""level"": 4, ""text"": ""禘自既灌而往者二章""}, {""level"": 4, ""text"": ""祭如在章""}, {""level"": 4, ""text"": ""與其媚於奥章""}, {""level"": 4, ""text"": ""周監於二代章""}, {""level"": 4, ""text"": ""子入太廟章""}, {""level"": 4, ""text"": ""射不主皮章""}, {""level"": 4, ""text"": ""子貢欲去告朔之餼羊章""}, {""level"": 4, ""text"": ""事君盡禮章""}, {""level"": 4, ""text"": ""君使臣以禮章""}, {""level"": 4, ""text"": ""關雎樂而不淫章""}, {""level"": 4, ""text"": ""哀公問宰我章""}, {""level"": 4, ""text"": ""管仲之器小哉章""}, {""level"": 4, ""text"": ""子語魯太師樂章""}, {""level"": 4, ""text"": ""儀封人請見章""}, {""level"": 4, ""text"": ""子謂韶盡美矣章""}, {""level"": 4, ""text"": ""居上不寛章""}]"
Z052482,卷九十六#p026#s3,96,卷九十六,26,3,卷九十六#p026,"""曰:""一日萬㡬,也無並應底道理,須還他逐一件理㑹。",曰一日萬㡬也無並應底道理須還他逐一件理㑹,20,True,False,li_only,"{""raw"": ""(端/䝉)""}","[{""level"": 2, ""text"": ""程子之書二""}]"
Z007338,卷十六#p051#s7,16,卷十六,51,7,卷十六#p051,"""次日圻父復説過,先生曰:""性便是那理,心便是盛貯該載,敷施發用底。",次日圻父復説過先生曰性便是那理心便是盛貯該載敷施發用底,27,True,False,li_only,"{""raw"": ""(義剛○/子寰同)""}","[{""level"": 2, ""text"": ""大學三""}, {""level"": 3, ""text"": ""傳一章釋眀眀徳""}, {""level"": 3, ""text"": ""傳二章釋新民""}, {""level"": 3, ""text"": ""傳三章釋止於至善""}, {""level"": 3, ""text"": ""傳四章釋本末""}, {""level"": 3, ""text"": ""傳五章釋格物致知""}, {""level"": 3, ""text"": ""𫝊六章釋誠意""}, {""level"": 3, ""text"": ""𫝊七章釋正心脩身""}, {""level"": 3, ""text"": ""𫝊八章釋脩身齊家""}, {""level"": 3, ""text"": ""𫝊九章釋齊家治國""}, {""level"": 3, ""text"": ""𫝊十章釋治國平天下""}]"
Z037424,卷七十#p133#s7,70,卷七十,133,7,卷七十#p133,"盖當時人皆識得象,却有未曉得道理處,故聖人不説象,却就上發出道理説,初不是懸空説出道理。",盖當時人皆識得象却有未曉得道理處故聖人不説象却就上發出道理説初不是懸空説出道理,39,True,False,li_only,"{""raw"": ""(礪/)""}","[{""level"": 2, ""text"": ""易六""}, {""level"": 4, ""text"": ""屯""}, {""level"": 4, ""text"": ""䝉""}, {""level"": 4, ""text"": ""需""}, {""level"": 4, ""text"": ""訟""}, {""level"": 4, ""text"": ""師""}, {""level"": 4, ""text"": ""比""}, {""level"": 4, ""text"": ""小畜""}, {""level"": 4, ""text"": ""履""}, {""level"": 4, ""text"": ""泰""}, {""level"": 4, ""text"": ""否""}, {""level"": 4, ""text"": ""同人""}, {""level"": 4, ""text"": ""大有""}, {""level"": 4, ""text"": ""謙""}, {""level"": 4, ""text"": ""豫""}, {""level"": 4, ""text"": ""隨""}, {""level"": 4, ""text"": ""蠱""}, {""level"": 4, ""text"": ""臨""}, {""level"": 4, ""text"": ""觀""}]"
Z050766,卷九十四#p111#s36,94,卷九十四,111,36,卷九十四#p111,"誠無為,只是自然有實理恁地,不是人做底,都不犯手勢,只是自然一箇道理。",誠無為只是自然有實理恁地不是人做底都不犯手勢只是自然一箇道理,30,True,False,li_only,"{""raw"": ""(義/剛)""}","[{""level"": 2, ""text"": ""周子之書""}, {""level"": 3, ""text"": ""太極圖""}, {""level"": 3, ""text"": ""通書""}, {""level"": 4, ""text"": ""誠上""}, {""level"": 4, ""text"": ""誠下""}, {""level"": 4, ""text"": ""誠㡬徳""}, {""level"": 4, ""text"": ""聖""}, {""level"": 4, ""text"": ""慎動""}, {""level"": 4, ""text"": ""師""}, {""level"": 4, ""text"": ""幸""}, {""level"": 4, ""text"": ""思""}, {""level"": 4, ""text"": ""志學""}, {""level"": 4, ""text"": ""動静""}, {""level"": 4, ""text"": ""樂一""}, {""level"": 4, ""text"": ""聖學""}, {""level"": 4, ""text"": ""理性命""}, {""level"": 4, ""text"": ""顔子""}, {""level"": 4, ""text"": ""師友""}, {""level"": 4, ""text"": ""勢""}, {""level"": 4, ""text"": ""文辭""}, {""level"": 4, ""text"": ""聖藴""}, {""level"": 4, ""text"": ""精藴""}, {""level"": 4, ""text"": ""乾損益動""}, {""level"": 4, ""text"": ""䝉艮""}, {""level"": 4, ""text"": ""後録""}, {""level"": 4, ""text"": ""拙賦""}]"
Z023123,卷四十二#p017#s10,42,卷四十二,17,10,卷四十二#p017,"特不能如顔子深於天理人欲之際,便可至)(仁耳。",特不能如顔子深於天理人欲之際便可至仁耳,19,True,False,li_only,"{""raw"": ""(伯羽○/道夫畧)""}","[{""level"": 2, ""text"": ""論語二十四""}, {""level"": 3, ""text"": ""顔淵篇下""}, {""level"": 4, ""text"": ""仲弓問仁章""}, {""level"": 4, ""text"": ""司馬牛問仁章""}, {""level"": 4, ""text"": ""司馬牛問君子章""}, {""level"": 4, ""text"": ""司馬牛憂曰章""}, {""level"": 4, ""text"": ""子張問明章""}, {""level"": 4, ""text"": ""子貢問政章""}, {""level"": 4, ""text"": ""棘子成曰章""}, {""level"": 4, ""text"": ""哀公問於有若章""}, {""level"": 4, ""text"": ""子張問崇德辨惑章""}, {""level"": 4, ""text"": ""齊景公問政章""}, {""level"": 4, ""text"": ""子路無宿諾章""}, {""level"": 4, ""text"": ""子張問政章""}, {""level"": 4, ""text"": ""君子成人之美章""}, {""level"": 4, ""text"": ""季康子患盜章""}, {""level"": 4, ""text"": ""季康子問政章""}, {""level"": 4, ""text"": ""子張問士章""}, {""level"": 4, ""text"": ""樊遲從遊舞雩之下章""}, {""level"": 4, ""text"": ""樊遲問仁章""}, {""level"": 4, ""text"": ""子貢問友章""}]"
Z006514,卷十五#p013#s1,15,卷十五,13,1,卷十五#p013,"格物,須是從切已處理㑹去,待自家者已定疊,然後漸漸推去,這便是能格物。",格物須是從切已處理㑹去待自家者已定疊然後漸漸推去這便是能格物,30,True,False,li_only,"{""raw"": ""(道夫/)""}","[{""level"": 2, ""text"": ""大學二""}, {""level"": 3, ""text"": ""經下""}]"
Z004163,卷十#p080#s3,10,卷十,80,3,卷十#p080,"未見道理時,恰如數重物色,包裹在裏許,無縁可以便見得。",未見道理時恰如數重物色包裹在裏許無縁可以便見得,23,True,False,li_only,"{""raw"": ""(廣/)""}","[{""level"": 2, ""text"": ""學四""}, {""level"": 3, ""text"": ""讀書法上""}]"
Z028816,卷五十八#p039#s10,58,卷五十八,39,10,卷五十八#p039,"孔子合下盡得致知工夫,看得道理周徧精切,無所不盡,故其徳之成也,亦兼該畢備,而無一徳一行之或闕。",孔子合下盡得致知工夫看得道理周徧精切無所不盡故其徳之成也亦兼該畢備而無一徳一行之或闕,42,True,False,li_only,"{""raw"": ""(僴/)""}","[{""level"": 2, ""text"": ""孟子八""}, {""level"": 3, ""text"": ""萬章上""}, {""level"": 4, ""text"": ""問舜徃于田章(并下/章)""}, {""level"": 4, ""text"": ""象日以殺舜為事章""}, {""level"": 4, ""text"": ""咸丘蒙問章""}, {""level"": 4, ""text"": ""問堯以天下與舜章""}, {""level"": 4, ""text"": ""問人有言章""}, {""level"": 4, ""text"": ""問伊尹以割烹要湯章""}, {""level"": 4, ""text"": ""問或謂孔子於衛章""}, {""level"": 3, ""text"": ""萬章下""}, {""level"": 4, ""text"": ""伯夷目不視惡色章""}, {""level"": 4, ""text"": ""北宫錡問曰章""}, {""level"": 4, ""text"": ""萬章曰敢問交際章""}, {""level"": 4, ""text"": ""仕非為貧章""}, {""level"": 4, ""text"": ""萬章問士不託諸侯章""}]"
Z036333,卷六十九#p036#s7,69,卷六十九,36,7,卷六十九#p036,"大抵看道理,要看得他分合,各有著落,方是仔細。",大抵看道理要看得他分合各有著落方是仔細,19,True,False,li_only,"{""raw"": ""(銖/)""}","[{""level"": 2, ""text"": ""易五""}, {""level"": 4, ""text"": ""乾下""}, {""level"": 4, ""text"": ""坤""}]"
Z007369,卷十六#p055#s2,16,卷十六,55,2,卷十六#p055,"表者,如父慈子孝,雖九夷八蠻也,出這道理不得。",表者如父慈子孝雖九夷八蠻也出這道理不得,19,True,False,li_only,"{""raw"": ""(䕫孫/)""}","[{""level"": 2, ""text"": ""大學三""}, {""level"": 3, ""text"": ""傳一章釋眀眀徳""}, {""level"": 3, ""text"": ""傳二章釋新民""}, {""level"": 3, ""text"": ""傳三章釋止於至善""}, {""level"": 3, ""text"": ""傳四章釋本末""}, {""level"": 3, ""text"": ""傳五章釋格物致知""}, {""level"": 3, ""text"": ""𫝊六章釋誠意""}, {""level"": 3, ""text"": ""𫝊七章釋正心脩身""}, {""level"": 3, ""text"": ""𫝊八章釋脩身齊家""}, {""level"": 3, ""text"": ""𫝊九章釋齊家治國""}, {""level"": 3, ""text"": ""𫝊十章釋治國平天下""}]"
Z029485,卷五十九#p087#s2,59,卷五十九,87,2,卷五十九#p087,"天地生生之理,本自不息,惟旦晝之所為,有所梏亡。",天地生生之理本自不息惟旦晝之所為有所梏亡,20,True,False,li_only,"{""raw"": ""(賀孫/)""}","[{""level"": 2, ""text"": ""孟子九""}, {""level"": 3, ""text"": ""告子上""}, {""level"": 4, ""text"": ""性猶杞栁章""}, {""level"": 4, ""text"": ""性猶湍水章""}, {""level"": 4, ""text"": ""生之謂性章""}, {""level"": 4, ""text"": ""食色性也章""}, {""level"": 4, ""text"": ""性無善無不善章""}, {""level"": 4, ""text"": ""富嵗子弟多賴章""}, {""level"": 4, ""text"": ""牛山之木章""}, {""level"": 4, ""text"": ""魚我所欲章""}, {""level"": 4, ""text"": ""仁人心也章""}, {""level"": 4, ""text"": ""人之於身也章""}, {""level"": 4, ""text"": ""公都子問鈞是人也章""}, {""level"": 4, ""text"": ""有天爵者章""}, {""level"": 4, ""text"": ""欲貴者人之同心章""}, {""level"": 4, ""text"": ""仁之勝不仁也章""}, {""level"": 4, ""text"": ""五榖種之羙者章""}, {""level"": 3, ""text"": ""告子下""}, {""level"": 4, ""text"": ""任人有問屋廬子章""}, {""level"": 4, ""text"": ""曹交問曰章""}, {""level"": 4, ""text"": ""淳于髠曰先名實者章""}, {""level"": 4, ""text"": ""魯欲使慎子為將軍章""}, {""level"": 4, ""text"": ""舜發於畎畝章""}, {""level"": 4, ""text"": ""教亦多術矣章""}]"
Z009633,卷十九#p038#s2,19,卷十九,38,2,卷十九#p038,"這箇使急不得,須是緩緩理㑹。",這箇使急不得須是緩緩理㑹,12,True,False,li_only,"{""raw"": ""(義剛/)""}","[{""level"": 2, ""text"": ""論語一""}, {""level"": 3, ""text"": ""語孟綱領""}]"
Z052866,卷九十七#p016#s5,97,卷九十七,16,5,卷九十七#p016,"凡此數條者,果皆有此理否?""曰:""此皆一時談論所及,學者記録如此。",凡此數條者果皆有此理否曰此皆一時談論所及學者記録如此,26,True,False,li_only,,"[{""level"": 2, ""text"": ""程子之書三(此卷係遺書中非入近思與四書/等注者以類而從别為一卷文集)""}]"
Z034715,卷六十六#p082#s2,66,卷六十六,82,2,卷六十六#p082,"鄭東卿《易》専取象,如以鼎為鼎,革為爐小過》為飛鳥,亦有義理。",鄭東卿易専取象如以鼎為鼎革為爐小過為飛鳥亦有義理,24,True,False,li_only,"{""raw"": ""(礪/)""}","[{""level"": 2, ""text"": ""易二""}, {""level"": 3, ""text"": ""綱領中""}, {""level"": 4, ""text"": ""卜筮""}, {""level"": 4, ""text"": ""象""}]"
Z061139,卷一百十九#p007#s28,119,卷一百十九,7,28,卷一百十九#p007,"與朋友交,非謂要安排去罔他為不信,只信口説出来,説得不合於理,便是不信。",與朋友交非謂要安排去罔他為不信只信口説出来説得不合於理便是不信,31,True,False,li_only,"{""raw"": ""(以下訓揚/○義剛)""}","[{""level"": 2, ""text"": ""朱子十六""}, {""level"": 3, ""text"": ""訓門人七""}]"
Z051114,卷九十四#p185#s11,94,卷九十四,185,11,卷九十四#p185,"此一段未透,又去㸔别段,便鶻突去,如何㑹透徹,如何㑹貫通?且如此段,未説理㑹到十分,亦且理㑹七分,㸔來㸔去,直至無道理得説,却又再換一段,㸔踈畧之病,是今世學者通患。",此一段未透又去㸔别段便鶻突去如何㑹透徹如何㑹貫通且如此段未説理㑹到十分亦且理㑹七分㸔來㸔去直至無道理得説却又再換一段㸔踈畧之病是今世學者通患,70,True,False,li_only,"{""raw"": ""(㝢/)""}","[{""level"": 2, ""text"": ""周子之書""}, {""level"": 3, ""text"": ""太極圖""}, {""level"": 3, ""text"": ""通書""}, {""level"": 4, ""text"": ""誠上""}, {""level"": 4, ""text"": ""誠下""}, {""level"": 4, ""text"": ""誠㡬徳""}, {""level"": 4, ""text"": ""聖""}, {""level"": 4, ""text"": ""慎動""}, {""level"": 4, ""text"": ""師""}, {""level"": 4, ""text"": ""幸""}, {""level"": 4, ""text"": ""思""}, {""level"": 4, ""text"": ""志學""}, {""level"": 4, ""text"": ""動静""}, {""level"": 4, ""text"": ""樂一""}, {""level"": 4, ""text"": ""聖學""}, {""level"": 4, ""text"": ""理性命""}, {""level"": 4, ""text"": ""顔子""}, {""level"": 4, ""text"": ""師友""}, {""level"": 4, ""text"": ""勢""}, {""level"": 4, ""text"": ""文辭""}, {""level"": 4, ""text"": ""聖藴""}, {""level"": 4, ""text"": ""精藴""}, {""level"": 4, ""text"": ""乾損益動""}, {""level"": 4, ""text"": ""䝉艮""}, {""level"": 4, ""text"": ""後録""}, {""level"": 4, ""text"": ""拙賦""}]"
Z018809,卷三十四#p055#s10,34,卷三十四,55,10,卷三十四#p055,"如禮樂、射御、書數一件事,理㑹不得,此心便覺滯礙。",如禮樂射御書數一件事理㑹不得此心便覺滯礙,20,True,False,li_only,"{""raw"": ""(恪/)""}","[{""level"": 2, ""text"": ""論語十六""}, {""level"": 3, ""text"": ""述而篇""}, {""level"": 4, ""text"": ""述而不作章""}, {""level"": 4, ""text"": ""黙而識之章""}, {""level"": 4, ""text"": ""徳之不脩章""}, {""level"": 4, ""text"": ""子之燕居章""}, {""level"": 4, ""text"": ""甚矣吾衰章""}, {""level"": 4, ""text"": ""志於道章""}, {""level"": 4, ""text"": ""自行束脩章""}, {""level"": 4, ""text"": ""不憤不啓章""}, {""level"": 4, ""text"": ""子食於有喪者之側章""}, {""level"": 4, ""text"": ""子謂顔淵曰章""}, {""level"": 4, ""text"": ""富而可求章""}, {""level"": 4, ""text"": ""子在齊聞韶章""}, {""level"": 4, ""text"": ""冉有曰夫子為衞君乎章""}, {""level"": 4, ""text"": ""飯疏食章""}, {""level"": 4, ""text"": ""加我數年章""}, {""level"": 4, ""text"": ""子所雅言章""}, {""level"": 4, ""text"": ""葉公問孔子於子路章""}, {""level"": 4, ""text"": ""我非生而知之者章""}, {""level"": 4, ""text"": ""子不語怪力亂神章""}, {""level"": 4, ""text"": ""三人行章""}, {""level"": 4, ""text"": ""天生徳於予章""}, {""level"": 4, ""text"": ""二三子以我為隠乎章""}, {""level"": 4, ""text"": ""子以四教章""}, {""level"": 4, ""text"": ""聖人吾不得而見之章""}, {""level"": 4, ""text"": ""盖有不知而作之者章""}, {""level"": 4, ""text"": ""仁逺乎哉章""}, {""level"": 4, ""text"": ""陳司敗問昭公章""}, {""level"": 4, ""text"": ""子與人歌而善章""}, {""level"": 4, ""text"": ""文莫吾猶人也章""}, {""level"": 4, ""text"": ""若聖與仁章""}, {""level"": 4, ""text"": ""子疾病章""}, {""level"": 4, ""text"": ""奢則不孫章""}, {""level"": 4, ""text"": ""君子坦蕩蕩章""}, {""level"": 4, ""text"": ""子温而厲章""}]"
Z051568,卷九十五#p036#s2,95,卷九十五,36,2,卷九十五#p036,"此理字,不是説實理,猶云理當如此。",此理字不是説實理猶云理當如此,14,True,False,li_only,"{""raw"": ""(僴/)""}","[{""level"": 2, ""text"": ""程子之書一(凡入近思録者皆/依次第類為此卷)""}]"
Z050177,卷九十三#p089#s1,93,卷九十三,89,1,卷九十三#p089,"問:""孔子六經之書,盡是説道理内實事,故便覺得此道大。",問孔子六經之書盡是説道理内實事故便覺得此道大,22,True,False,li_only,"{""raw"": ""(大/雅)""}","[{""level"": 2, ""text"": ""孔孟周程""}]"
Z025788,卷五十一#p007#s1,51,卷五十一,7,1,卷五十一#p007,"或問:""心之徳、愛之理,以體言;心之制、事之冝,以用言。",或問心之徳愛之理以體言心之制事之冝以用言,20,True,False,li_only,"{""raw"": ""(廣/)""}","[{""level"": 2, ""text"": ""孟子一""}, {""level"": 3, ""text"": ""題辭""}, {""level"": 3, ""text"": ""梁惠王上""}, {""level"": 4, ""text"": ""孟子見梁恵王章""}, {""level"": 4, ""text"": ""王立於沼上章""}, {""level"": 4, ""text"": ""寡人之於國章""}, {""level"": 4, ""text"": ""孟子見梁襄王章""}, {""level"": 4, ""text"": ""齊宣王問齊桓晉文之事章""}, {""level"": 3, ""text"": ""梁恵王下""}, {""level"": 4, ""text"": ""莊暴見孟子章""}, {""level"": 4, ""text"": ""齊宣王問文王之囿章""}, {""level"": 4, ""text"": ""問交鄰國有道章""}, {""level"": 4, ""text"": ""問人皆謂我毁明堂章""}, {""level"": 4, ""text"": ""問湯放桀章""}, {""level"": 4, ""text"": ""為巨室章""}, {""level"": 4, ""text"": ""齊人伐燕勝之章""}, {""level"": 4, ""text"": ""滕文公問滕小國也章""}, {""level"": 4, ""text"": ""魯平公將出章""}]"
Z033383,卷六十四#p103#s1,64,卷六十四,103,1,卷六十四#p103,"問不誠無物曰:""實有此理,便實有此事。",問不誠無物曰實有此理便實有此事,15,True,False,li_only,"{""raw"": ""(幹/)""}","[{""level"": 2, ""text"": ""中庸三""}, {""level"": 3, ""text"": ""第二十章""}, {""level"": 3, ""text"": ""第二十一章""}, {""level"": 3, ""text"": ""第二十二章""}, {""level"": 3, ""text"": ""第二十三章""}, {""level"": 3, ""text"": ""第二十四章""}, {""level"": 3, ""text"": ""第二十五章""}, {""level"": 3, ""text"": ""第二十六章""}, {""level"": 3, ""text"": ""第二十七章""}, {""level"": 3, ""text"": ""第二十八章""}, {""level"": 3, ""text"": ""第二十九章""}, {""level"": 3, ""text"": ""第三十章""}, {""level"": 3, ""text"": ""第三十一章""}, {""level"": 3, ""text"": ""第三十二章""}, {""level"": 3, ""text"": ""第三十三章""}]"
Z006628,卷十五#p035#s1,15,卷十五,35,1,卷十五#p035,"所謂窮理者,事事物物,各自有箇事物底道理,窮之須要周盡。",所謂窮理者事事物物各自有箇事物底道理窮之須要周盡,24,True,False,li_only,"{""raw"": ""(謨/)""}","[{""level"": 2, ""text"": ""大學二""}, {""level"": 3, ""text"": ""經下""}]"
Z020095,卷三十五#p092#s15,35,卷三十五,92,15,卷三十五#p092,"/不毅便倒東墜西,見道理合當如此。",不毅便倒東墜西見道理合當如此,14,True,False,li_only,,"[{""level"": 2, ""text"": ""論語十七""}, {""level"": 3, ""text"": ""泰伯篇""}, {""level"": 4, ""text"": ""泰伯其可謂至徳章""}, {""level"": 4, ""text"": ""恭而無禮章""}, {""level"": 4, ""text"": ""曾子有疾謂門弟子章""}, {""level"": 4, ""text"": ""曾子有疾孟敬子問之章""}, {""level"": 4, ""text"": ""曾子以䏻問於不䏻章""}, {""level"": 4, ""text"": ""曾子曰可以託六尺之孤章""}, {""level"": 4, ""text"": ""曾子曰士不可以不𢎞毅章""}, {""level"": 4, ""text"": ""興於詩章""}, {""level"": 4, ""text"": ""民可使由之章""}, {""level"": 4, ""text"": ""好勇疾貧章""}, {""level"": 4, ""text"": ""如有周公之才之美章""}, {""level"": 4, ""text"": ""三年學章""}, {""level"": 4, ""text"": ""篤信好學章""}, {""level"": 4, ""text"": ""不在其位章""}, {""level"": 4, ""text"": ""師摰之始章""}, {""level"": 4, ""text"": ""狂而不直章""}, {""level"": 4, ""text"": ""學如不及章""}, {""level"": 4, ""text"": ""巍巍乎章""}, {""level"": 4, ""text"": ""大哉堯之為君章""}, {""level"": 4, ""text"": ""舜有臣五人章""}, {""level"": 4, ""text"": ""禹吾無間然章""}]"
Z030958,卷六十一#p047#s12,61,卷六十一,47,12,卷六十一#p047,"盖義理本平易,却被人求得深了。",盖義理本平易却被人求得深了,13,True,False,li_only,"{""raw"": ""(㽦/)""}","[{""level"": 2, ""text"": ""孟子十一""}, {""level"": 3, ""text"": ""盡心下""}, {""level"": 4, ""text"": ""盡信書章""}, {""level"": 4, ""text"": ""舜之飯糗茹草章""}, {""level"": 4, ""text"": ""好名之人章""}, {""level"": 4, ""text"": ""民為貴章""}, {""level"": 4, ""text"": ""仁也者人也章""}, {""level"": 4, ""text"": ""貉稽曰章""}, {""level"": 4, ""text"": ""口之於味也章""}, {""level"": 4, ""text"": ""浩生不害問曰章""}, {""level"": 4, ""text"": ""逃墨必歸於楊章""}, {""level"": 4, ""text"": ""盆成括仕於齊章""}, {""level"": 4, ""text"": ""人皆有所不忍章""}, {""level"": 4, ""text"": ""言近而指逺章""}, {""level"": 4, ""text"": ""堯舜性者也章""}, {""level"": 4, ""text"": ""說大人則藐之章""}, {""level"": 4, ""text"": ""養心莫善於寡欲章""}, {""level"": 4, ""text"": ""曾晢嗜羊棗章""}, {""level"": 4, ""text"": ""萬章問孔子在陳章""}, {""level"": 4, ""text"": ""由堯舜至於湯章""}]"
Z018895,卷三十四#p060#s13,34,卷三十四,60,13,卷三十四#p060,"若只理㑹箇至徳,而無下二者,則空疎去。",若只理㑹箇至徳而無下二者則空疎去,16,True,False,li_only,"{""raw"": ""(廣/)""}","[{""level"": 2, ""text"": ""論語十六""}, {""level"": 3, ""text"": ""述而篇""}, {""level"": 4, ""text"": ""述而不作章""}, {""level"": 4, ""text"": ""黙而識之章""}, {""level"": 4, ""text"": ""徳之不脩章""}, {""level"": 4, ""text"": ""子之燕居章""}, {""level"": 4, ""text"": ""甚矣吾衰章""}, {""level"": 4, ""text"": ""志於道章""}, {""level"": 4, ""text"": ""自行束脩章""}, {""level"": 4, ""text"": ""不憤不啓章""}, {""level"": 4, ""text"": ""子食於有喪者之側章""}, {""level"": 4, ""text"": ""子謂顔淵曰章""}, {""level"": 4, ""text"": ""富而可求章""}, {""level"": 4, ""text"": ""子在齊聞韶章""}, {""level"": 4, ""text"": ""冉有曰夫子為衞君乎章""}, {""level"": 4, ""text"": ""飯疏食章""}, {""level"": 4, ""text"": ""加我數年章""}, {""level"": 4, ""text"": ""子所雅言章""}, {""level"": 4, ""text"": ""葉公問孔子於子路章""}, {""level"": 4, ""text"": ""我非生而知之者章""}, {""level"": 4, ""text"": ""子不語怪力亂神章""}, {""level"": 4, ""text"": ""三人行章""}, {""level"": 4, ""text"": ""天生徳於予章""}, {""level"": 4, ""text"": ""二三子以我為隠乎章""}, {""level"": 4, ""text"": ""子以四教章""}, {""level"": 4, ""text"": ""聖人吾不得而見之章""}, {""level"": 4, ""text"": ""盖有不知而作之者章""}, {""level"": 4, ""text"": ""仁逺乎哉章""}, {""level"": 4, ""text"": ""陳司敗問昭公章""}, {""level"": 4, ""text"": ""子與人歌而善章""}, {""level"": 4, ""text"": ""文莫吾猶人也章""}, {""level"": 4, ""text"": ""若聖與仁章""}, {""level"": 4, ""text"": ""子疾病章""}, {""level"": 4, ""text"": ""奢則不孫章""}, {""level"": 4, ""text"": ""君子坦蕩蕩章""}, {""level"": 4, ""text"": ""子温而厲章""}]"
Z061741,卷一百二十#p041#s27,120,卷一百二十,41,27,卷一百二十#p041,"""蔡云:""若一向是禪時也終是髙曰:""只是許多模様,是甚道理?'如此若實見得自家底分明,看彼許多道理,不待辨而明。",蔡云若一向是禪時也終是髙曰只是許多模様是甚道理如此若實見得自家底分明看彼許多道理不待辨而明,45,True,False,li_only,"{""raw"": ""(賀孫/)""}","[{""level"": 2, ""text"": ""朱子十七""}, {""level"": 3, ""text"": ""訓門人八(雜訓諸門人/者為此卷)""}]"
Z052692,卷九十六#p070#s2,96,卷九十六,70,2,卷九十六#p070,"但義理不精,則思之再三,或汨於利害,却悔了,此所以爲難。",但義理不精則思之再三或汨於利害却悔了此所以爲難,23,True,False,li_only,"{""raw"": ""(可/學)""}","[{""level"": 2, ""text"": ""程子之書二""}]"
Z033797,卷六十四#p202#s4,64,卷六十四,202,4,卷六十四#p202,"""因曰:""前日與公晦論程子鳶飛魚躍,活發潑地,公晦問:'畢竟此理是如何?'廣云:'今言道無不在,無適而非道固是,只是説得死搭搭地。",因曰前日與公晦論程子鳶飛魚躍活發潑地公晦問畢竟此理是如何廣云今言道無不在無適而非道固是只是説得死搭搭地,51,True,False,li_only,"{""raw"": ""(廣○賀孫/録别出)""}","[{""level"": 2, ""text"": ""中庸三""}, {""level"": 3, ""text"": ""第二十章""}, {""level"": 3, ""text"": ""第二十一章""}, {""level"": 3, ""text"": ""第二十二章""}, {""level"": 3, ""text"": ""第二十三章""}, {""level"": 3, ""text"": ""第二十四章""}, {""level"": 3, ""text"": ""第二十五章""}, {""level"": 3, ""text"": ""第二十六章""}, {""level"": 3, ""text"": ""第二十七章""}, {""level"": 3, ""text"": ""第二十八章""}, {""level"": 3, ""text"": ""第二十九章""}, {""level"": 3, ""text"": ""第三十章""}, {""level"": 3, ""text"": ""第三十一章""}, {""level"": 3, ""text"": ""第三十二章""}, {""level"": 3, ""text"": ""第三十三章""}]"
Z027705,卷五十五#p016#s8,55,卷五十五,16,8,卷五十五#p016,"盖他心量不及聖人之大,故扵天下事,有包括不盡䖏天下道理儘無窮,人要去做,又做不辦,極力做得一兩件,又困了。",盖他心量不及聖人之大故扵天下事有包括不盡䖏天下道理儘無窮人要去做又做不辦極力做得一兩件又困了,46,True,False,li_only,"{""raw"": ""(廣/)""}","[{""level"": 2, ""text"": ""孟子五""}, {""level"": 3, ""text"": ""滕文公上""}, {""level"": 4, ""text"": ""滕文公為世子章""}, {""level"": 4, ""text"": ""惡(惡不可謂從善中直下来只/是不䏻善則偏於一邊為惡)""}, {""level"": 4, ""text"": ""滕定公薨章""}, {""level"": 4, ""text"": ""滕文公問為國章""}, {""level"": 4, ""text"": ""有為神農之言章""}, {""level"": 4, ""text"": ""墨者夷之章""}, {""level"": 3, ""text"": ""滕文公下""}, {""level"": 4, ""text"": ""陳代曰不見諸侯章""}, {""level"": 4, ""text"": ""景春曰公孫衍張儀章""}, {""level"": 4, ""text"": ""公孫丑問不見諸侯章""}, {""level"": 4, ""text"": ""公都子問好辯章""}]"
Z042984,卷七十八#p224#s1,78,卷七十八,224,1,卷七十八#p224,"舜、禹相傳,只是説人心惟危,道心惟㣲,惟精惟一,允執厥中,只就這心上理㑹也。",舜禹相傳只是説人心惟危道心惟㣲惟精惟一允執厥中只就這心上理㑹也,31,True,False,li_only,"{""raw"": ""(㝢/)""}","[{""level"": 2, ""text"": ""尚書一""}, {""level"": 3, ""text"": ""綱領""}, {""level"": 3, ""text"": ""堯典""}, {""level"": 3, ""text"": ""舜典""}, {""level"": 3, ""text"": ""大禹謨""}, {""level"": 3, ""text"": ""臯陶謨""}, {""level"": 3, ""text"": ""益稷""}]"
Z005273,卷十三#p027#s2,13,卷十三,27,2,卷十三#p027,"只此一心,但看天理私欲之消長如何爾。",只此一心但看天理私欲之消長如何爾,16,True,False,li_only,"{""raw"": ""(大雅/)""}","[{""level"": 2, ""text"": ""學七""}, {""level"": 3, ""text"": ""力行""}]"
Z028983,卷五十九#p005#s1,59,卷五十九,5,1,卷五十九#p005,"生之謂氣,生之理謂性。",生之謂氣生之理謂性,9,True,True,both,"{""raw"": ""(閎/祖)""}","[{""level"": 2, ""text"": ""孟子九""}, {""level"": 3, ""text"": ""告子上""}, {""level"": 4, ""text"": ""性猶杞栁章""}, {""level"": 4, ""text"": ""性猶湍水章""}, {""level"": 4, ""text"": ""生之謂性章""}, {""level"": 4, ""text"": ""食色性也章""}, {""level"": 4, ""text"": ""性無善無不善章""}, {""level"": 4, ""text"": ""富嵗子弟多賴章""}, {""level"": 4, ""text"": ""牛山之木章""}, {""level"": 4, ""text"": ""魚我所欲章""}, {""level"": 4, ""text"": ""仁人心也章""}, {""level"": 4, ""text"": ""人之於身也章""}, {""level"": 4, ""text"": ""公都子問鈞是人也章""}, {""level"": 4, ""text"": ""有天爵者章""}, {""level"": 4, ""text"": ""欲貴者人之同心章""}, {""level"": 4, ""text"": ""仁之勝不仁也章""}, {""level"": 4, ""text"": ""五榖種之羙者章""}, {""level"": 3, ""text"": ""告子下""}, {""level"": 4, ""text"": ""任人有問屋廬子章""}, {""level"": 4, ""text"": ""曹交問曰章""}, {""level"": 4, ""text"": ""淳于髠曰先名實者章""}, {""level"": 4, ""text"": ""魯欲使慎子為將軍章""}, {""level"": 4, ""text"": ""舜發於畎畝章""}, {""level"": 4, ""text"": ""教亦多術矣章""}]"
Z003326,卷八#p016#s3,8,卷八,16,3,卷八#p016,"縁這道理本同,甲有許多,乙也有許多,丙也有許多。",縁這道理本同甲有許多乙也有許多丙也有許多,20,True,False,li_only,"{""raw"": ""(賀/孫)""}","[{""level"": 2, ""text"": ""學二""}, {""level"": 3, ""text"": ""總論為學之方""}]"
Z041410,卷七十六#p037#s3,76,卷七十六,37,3,卷七十六#p037,"尺蠖若不屈,則不信得身;龍蛇若不蟄,則不伏得氣,如何存得身?精義入神,疑與行處不相關,然而見得道理通徹,乃所以致用;利用安身,亦疑與崇德不相關,然而動作得其理,則德自崇。",尺蠖若不屈則不信得身龍蛇若不蟄則不伏得氣如何存得身精義入神疑與行處不相關然而見得道理通徹乃所以致用利用安身亦疑與崇德不相關然而動作得其理則德自崇,72,True,True,both,"{""raw"": ""(學蒙/)""}","[{""level"": 2, ""text"": ""周易十二""}, {""level"": 3, ""text"": ""下繫""}, {""level"": 4, ""text"": ""右第一章""}, {""level"": 4, ""text"": ""右第二章""}, {""level"": 4, ""text"": ""右第三章""}, {""level"": 4, ""text"": ""右第四章""}, {""level"": 4, ""text"": ""右第五章""}, {""level"": 4, ""text"": ""右第六章""}, {""level"": 4, ""text"": ""右第七章""}, {""level"": 4, ""text"": ""右第八章""}, {""level"": 4, ""text"": ""右第九章""}, {""level"": 4, ""text"": ""右第十章""}, {""level"": 4, ""text"": ""右第十一章""}, {""level"": 4, ""text"": ""右第十二章""}]"
Z055148,卷一百一#p158#s1,101,卷一百一,158,1,卷一百一#p158,"仲思問五峰中誠、仁如何?""曰:""中者性之道,言未發也;誠者命之道,言實理也;仁者心之道,言發動之端也。",仲思問五峰中誠仁如何曰中者性之道言未發也誠者命之道言實理也仁者心之道言發動之端也,40,True,False,li_only,"{""raw"": ""(伯羽○砥/錄别出)""}","[{""level"": 2, ""text"": ""程子門人""}, {""level"": 3, ""text"": ""摠論""}, {""level"": 3, ""text"": ""吕與叔""}, {""level"": 3, ""text"": ""謝顯道""}, {""level"": 3, ""text"": ""楊中立""}, {""level"": 3, ""text"": ""游定夫""}, {""level"": 3, ""text"": ""侯希聖""}, {""level"": 3, ""text"": ""尹彦明""}, {""level"": 3, ""text"": ""張思叔""}, {""level"": 3, ""text"": ""郭立之(子和/)""}, {""level"": 3, ""text"": ""胡康侯(雖非門人而嘗見謝/楊今附○子姪附)""}]"
Z033552,卷六十四#p151#s5,64,卷六十四,151,5,卷六十四#p151,"如小徳川流,大徳敦化,亦此理。",如小徳川流大徳敦化亦此理,12,True,False,li_only,"{""raw"": ""(從/周)""}","[{""level"": 2, ""text"": ""中庸三""}, {""level"": 3, ""text"": ""第二十章""}, {""level"": 3, ""text"": ""第二十一章""}, {""level"": 3, ""text"": ""第二十二章""}, {""level"": 3, ""text"": ""第二十三章""}, {""level"": 3, ""text"": ""第二十四章""}, {""level"": 3, ""text"": ""第二十五章""}, {""level"": 3, ""text"": ""第二十六章""}, {""level"": 3, ""text"": ""第二十七章""}, {""level"": 3, ""text"": ""第二十八章""}, {""level"": 3, ""text"": ""第二十九章""}, {""level"": 3, ""text"": ""第三十章""}, {""level"": 3, ""text"": ""第三十一章""}, {""level"": 3, ""text"": ""第三十二章""}, {""level"": 3, ""text"": ""第三十三章""}]"
Z006223,卷十四#p114#s8,14,卷十四,114,8,卷十四#p114,"如盡忠不欺、陳善閉邪、納君無過之地,皆是敬,皆當理㑹。",如盡忠不欺陳善閉邪納君無過之地皆是敬皆當理㑹,22,True,False,li_only,"{""raw"": ""(淳○/寓同)""}","[{""level"": 2, ""text"": ""大學一""}, {""level"": 3, ""text"": ""綱領""}, {""level"": 3, ""text"": ""序""}, {""level"": 3, ""text"": ""經上""}]"
Z026034,卷五十二#p006#s13,52,卷五十二,6,13,卷五十二#p006,"這裏一字理㑹未得,且理㑹這一字,一句理㑹未得,且理㑹這一句。",這裏一字理㑹未得且理㑹這一字一句理㑹未得且理㑹這一句,26,True,False,li_only,"{""raw"": ""(賀孫/)""}","[{""level"": 2, ""text"": ""孟子二""}, {""level"": 3, ""text"": ""公孫丑上""}, {""level"": 4, ""text"": ""問夫子當路於齊章""}, {""level"": 4, ""text"": ""問夫子加齊之卿相章""}]"
Z041306,卷七十六#p010#s4,76,卷七十六,10,4,卷七十六#p010,"葢吉凶二義,無兩立之理,迭相為勝,非吉勝凶,則凶勝吉矣。",葢吉凶二義無兩立之理迭相為勝非吉勝凶則凶勝吉矣,23,True,False,li_only,"{""raw"": ""(録/畧)""}","[{""level"": 2, ""text"": ""周易十二""}, {""level"": 3, ""text"": ""下繫""}, {""level"": 4, ""text"": ""右第一章""}, {""level"": 4, ""text"": ""右第二章""}, {""level"": 4, ""text"": ""右第三章""}, {""level"": 4, ""text"": ""右第四章""}, {""level"": 4, ""text"": ""右第五章""}, {""level"": 4, ""text"": ""右第六章""}, {""level"": 4, ""text"": ""右第七章""}, {""level"": 4, ""text"": ""右第八章""}, {""level"": 4, ""text"": ""右第九章""}, {""level"": 4, ""text"": ""右第十章""}, {""level"": 4, ""text"": ""右第十一章""}, {""level"": 4, ""text"": ""右第十二章""}]"
Z026266,卷五十二#p060#s1,52,卷五十二,60,1,卷五十二#p060,"氣,一氣,浩然之氣,義理之所發也。",氣一氣浩然之氣義理之所發也,13,True,True,both,"{""raw"": ""(閎祖/)""}","[{""level"": 2, ""text"": ""孟子二""}, {""level"": 3, ""text"": ""公孫丑上""}, {""level"": 4, ""text"": ""問夫子當路於齊章""}, {""level"": 4, ""text"": ""問夫子加齊之卿相章""}]"
Z067587,卷一百三十一#p060#s2,131,卷一百三十一,60,2,卷一百三十一#p060,"當時理㑹秦氏諸公,又宣諭止了。",當時理㑹秦氏諸公又宣諭止了,13,True,False,li_only,"{""raw"": ""(可/學)""}","[{""level"": 2, ""text"": ""本朝五""}, {""level"": 3, ""text"": ""中興至今日人物上(李趙張/汪黄秦)""}]"
Z054314,卷一百#p017#s1,100,卷一百,17,1,卷一百#p017,"或問康節數學曰:""且未須理㑹數自是有此理,有生便有死,有盛必有衰。",或問康節數學曰且未須理㑹數自是有此理有生便有死有盛必有衰,28,True,False,li_only,"{""raw"": ""(廣/)""}","[{""level"": 2, ""text"": ""邵子之書""}]"
Z061557,卷一百二十#p017#s30,120,卷一百二十,17,30,卷一百二十#p017,"學者湏是撒開心胷,事事逐件,都與理㑹過,未理㑹得底,且放下,待無事時,復将来理㑹,少間甚事理㑹不得?",學者湏是撒開心胷事事逐件都與理㑹過未理㑹得底且放下待無事時復将来理㑹少間甚事理㑹不得,42,True,False,li_only,"{""raw"": ""(義剛/)""}","[{""level"": 2, ""text"": ""朱子十七""}, {""level"": 3, ""text"": ""訓門人八(雜訓諸門人/者為此卷)""}]"
Z015746,卷二十八#p053#s3,28,卷二十八,53,3,卷二十八#p053,"渾然天理,便是仁,有一毫私欲,便不是仁了。",渾然天理便是仁有一毫私欲便不是仁了,17,True,False,li_only,"{""raw"": ""(卓/)""}","[{""level"": 2, ""text"": ""論語十""}, {""level"": 3, ""text"": ""公冶長上""}, {""level"": 4, ""text"": ""子謂公冶長章""}, {""level"": 4, ""text"": ""子謂子賤章""}, {""level"": 4, ""text"": ""子貢問賜也何如章""}, {""level"": 4, ""text"": ""或曰雍也章""}, {""level"": 4, ""text"": ""子使漆雕開仕章""}, {""level"": 4, ""text"": ""道不行章""}, {""level"": 4, ""text"": ""孟武伯問子路仁乎章""}, {""level"": 4, ""text"": ""子謂子貢曰章""}, {""level"": 4, ""text"": ""吾未見剛者章""}, {""level"": 4, ""text"": ""子貢曰我不欲人之加諸我章""}, {""level"": 4, ""text"": ""子貢曰夫子之文章章""}]"
Z033263,卷六十四#p079#s2,64,卷六十四,79,2,卷六十四#p079,"如禎祥、妖孽與蓍龜所告、四體所動,皆是此理已形見,但人不能見耳。",如禎祥妖孽與蓍龜所告四體所動皆是此理已形見但人不能見耳,27,True,False,li_only,"{""raw"": ""(銖/)""}","[{""level"": 2, ""text"": ""中庸三""}, {""level"": 3, ""text"": ""第二十章""}, {""level"": 3, ""text"": ""第二十一章""}, {""level"": 3, ""text"": ""第二十二章""}, {""level"": 3, ""text"": ""第二十三章""}, {""level"": 3, ""text"": ""第二十四章""}, {""level"": 3, ""text"": ""第二十五章""}, {""level"": 3, ""text"": ""第二十六章""}, {""level"": 3, ""text"": ""第二十七章""}, {""level"": 3, ""text"": ""第二十八章""}, {""level"": 3, ""text"": ""第二十九章""}, {""level"": 3, ""text"": ""第三十章""}, {""level"": 3, ""text"": ""第三十一章""}, {""level"": 3, ""text"": ""第三十二章""}, {""level"": 3, ""text"": ""第三十三章""}]"
Z015331,卷二十七#p103#s1,27,卷二十七,103,1,卷二十七#p103,"方叔問:""忠恕一理,却似說箇中和一般。",方叔問忠恕一理却似說箇中和一般,15,True,False,li_only,"{""raw"": ""(大雅/)""}","[{""level"": 2, ""text"": ""論語九""}, {""level"": 3, ""text"": ""里仁篇下""}, {""level"": 4, ""text"": ""子曰參乎章""}, {""level"": 4, ""text"": ""君子喻於義章""}, {""level"": 4, ""text"": ""見賢思齊焉章""}, {""level"": 4, ""text"": ""事父母幾諫章""}, {""level"": 4, ""text"": ""父母在章""}, {""level"": 4, ""text"": ""父母之年章""}, {""level"": 3, ""text"": ""古者言之不出章""}, {""level"": 4, ""text"": ""以約失之章""}, {""level"": 4, ""text"": ""君子欲訥於言章""}, {""level"": 4, ""text"": ""徳不孤章""}, {""level"": 4, ""text"": ""事君數章""}]"
Z031181,卷六十二#p010#s3,62,卷六十二,10,3,卷六十二#p010,"""若不識得此理,則周子之言,更觧不得。",若不識得此理則周子之言更觧不得,15,True,False,li_only,"{""raw"": ""(人傑/)""}","[{""level"": 2, ""text"": ""中庸一""}, {""level"": 3, ""text"": ""綱領""}, {""level"": 3, ""text"": ""章句序""}, {""level"": 3, ""text"": ""章句""}, {""level"": 3, ""text"": ""第一章""}]"
Z033009,卷六十四#p027#s3,64,卷六十四,27,3,卷六十四#p027,"若其餘則須是博學、審問、慎思、明辨、篤行,如此不已,直待得仁義禮智與夫忠孝之道,日用本分事,無非實理,然後為誠。",若其餘則須是博學審問慎思明辨篤行如此不已直待得仁義禮智與夫忠孝之道日用本分事無非實理然後為誠,46,True,False,li_only,"{""raw"": ""(大/雅)""}","[{""level"": 2, ""text"": ""中庸三""}, {""level"": 3, ""text"": ""第二十章""}, {""level"": 3, ""text"": ""第二十一章""}, {""level"": 3, ""text"": ""第二十二章""}, {""level"": 3, ""text"": ""第二十三章""}, {""level"": 3, ""text"": ""第二十四章""}, {""level"": 3, ""text"": ""第二十五章""}, {""level"": 3, ""text"": ""第二十六章""}, {""level"": 3, ""text"": ""第二十七章""}, {""level"": 3, ""text"": ""第二十八章""}, {""level"": 3, ""text"": ""第二十九章""}, {""level"": 3, ""text"": ""第三十章""}, {""level"": 3, ""text"": ""第三十一章""}, {""level"": 3, ""text"": ""第三十二章""}, {""level"": 3, ""text"": ""第三十三章""}]"
Z059200,卷一百十五#p032#s2,115,卷一百十五,32,2,卷一百十五#p032,"""問:""程子言未有致知而不在敬者曰:""心若走作不定,何縁見得道理?如理㑹這一件事未了,又要去理㑹那事,少間都成無理㑹。",問程子言未有致知而不在敬者曰心若走作不定何縁見得道理如理㑹這一件事未了又要去理㑹那事少間都成無理㑹,49,True,False,li_only,,"[{""level"": 2, ""text"": ""朱子十二""}, {""level"": 3, ""text"": ""訓門人三""}]"
Z054780,卷一百一#p063#s5,101,卷一百一,63,5,卷一百一#p063,"理義是本有,自能悅心,在人如行慊於心。",理義是本有自能悅心在人如行慊於心,16,True,False,li_only,,"[{""level"": 2, ""text"": ""程子門人""}, {""level"": 3, ""text"": ""摠論""}, {""level"": 3, ""text"": ""吕與叔""}, {""level"": 3, ""text"": ""謝顯道""}, {""level"": 3, ""text"": ""楊中立""}, {""level"": 3, ""text"": ""游定夫""}, {""level"": 3, ""text"": ""侯希聖""}, {""level"": 3, ""text"": ""尹彦明""}, {""level"": 3, ""text"": ""張思叔""}, {""level"": 3, ""text"": ""郭立之(子和/)""}, {""level"": 3, ""text"": ""胡康侯(雖非門人而嘗見謝/楊今附○子姪附)""}]"
Z050816,卷九十四#p122#s16,94,卷九十四,122,16,卷九十四#p122,"周子所謂原始反終,只於衰盡處,可見反終之理。",周子所謂原始反終只於衰盡處可見反終之理,19,True,False,li_only,"{""raw"": ""(㽦/)""}","[{""level"": 2, ""text"": ""周子之書""}, {""level"": 3, ""text"": ""太極圖""}, {""level"": 3, ""text"": ""通書""}, {""level"": 4, ""text"": ""誠上""}, {""level"": 4, ""text"": ""誠下""}, {""level"": 4, ""text"": ""誠㡬徳""}, {""level"": 4, ""text"": ""聖""}, {""level"": 4, ""text"": ""慎動""}, {""level"": 4, ""text"": ""師""}, {""level"": 4, ""text"": ""幸""}, {""level"": 4, ""text"": ""思""}, {""level"": 4, ""text"": ""志學""}, {""level"": 4, ""text"": ""動静""}, {""level"": 4, ""text"": ""樂一""}, {""level"": 4, ""text"": ""聖學""}, {""level"": 4, ""text"": ""理性命""}, {""level"": 4, ""text"": ""顔子""}, {""level"": 4, ""text"": ""師友""}, {""level"": 4, ""text"": ""勢""}, {""level"": 4, ""text"": ""文辭""}, {""level"": 4, ""text"": ""聖藴""}, {""level"": 4, ""text"": ""精藴""}, {""level"": 4, ""text"": ""乾損益動""}, {""level"": 4, ""text"": ""䝉艮""}, {""level"": 4, ""text"": ""後録""}, {""level"": 4, ""text"": ""拙賦""}]"
Z027568,卷五十四#p004#s1,54,卷五十四,4,1,卷五十四#p004,"夫豈不義而曾子言之,文勢似使管子而愚人也則可,若是義理不是,則曾子豈肯恁地説?",夫豈不義而曾子言之文勢似使管子而愚人也則可若是義理不是則曾子豈肯恁地説,35,True,False,li_only,,"[{""level"": 2, ""text"": ""孟子四""}, {""level"": 3, ""text"": ""公孫丑下""}, {""level"": 4, ""text"": ""天時不如地利章""}, {""level"": 4, ""text"": ""孟子将朝王章""}, {""level"": 4, ""text"": ""孟子之平陸章""}, {""level"": 4, ""text"": ""孟子為卿於齊章""}, {""level"": 4, ""text"": ""沈同以其私問章""}, {""level"": 4, ""text"": ""燕人畔章""}, {""level"": 4, ""text"": ""孟子去齊章""}, {""level"": 4, ""text"": ""孟子去齊居休章""}]"
Z015170,卷二十七#p072#s2,27,卷二十七,72,2,卷二十七#p072,"此天是與人對之天,若動以天也之天,即是理之自然。",此天是與人對之天若動以天也之天即是理之自然,21,True,False,li_only,"{""raw"": ""(卓/)""}","[{""level"": 2, ""text"": ""論語九""}, {""level"": 3, ""text"": ""里仁篇下""}, {""level"": 4, ""text"": ""子曰參乎章""}, {""level"": 4, ""text"": ""君子喻於義章""}, {""level"": 4, ""text"": ""見賢思齊焉章""}, {""level"": 4, ""text"": ""事父母幾諫章""}, {""level"": 4, ""text"": ""父母在章""}, {""level"": 4, ""text"": ""父母之年章""}, {""level"": 3, ""text"": ""古者言之不出章""}, {""level"": 4, ""text"": ""以約失之章""}, {""level"": 4, ""text"": ""君子欲訥於言章""}, {""level"": 4, ""text"": ""徳不孤章""}, {""level"": 4, ""text"": ""事君數章""}]"
Z070465,卷一百三十八#p110#s1,138,卷一百三十八,110,1,卷一百三十八#p110,"或言某人輕財好義,先生曰:""以何道理之而義乎?""",或言某人輕財好義先生曰以何道理之而義乎,19,True,False,li_only,"{""raw"": ""(升/卿)""}","[{""level"": 2, ""text"": ""雜類""}]"
Z065519,卷一百二十八#p036#s14,128,卷一百二十八,36,14,卷一百二十八#p036,"舊嘗疑州院即是司理院,後閲范文正公集》有云:""如使院、州院,宜併省歸一方知不然,因曉州院、使院之别。",舊嘗疑州院即是司理院後閲范文正公集有云如使院州院宜併省歸一方知不然因曉州院使院之别,41,True,False,li_only,"{""raw"": ""(僴/)""}","[{""level"": 2, ""text"": ""本朝二""}, {""level"": 3, ""text"": ""法制""}]"
Z008906,卷十八#p028#s5,18,卷十八,28,5,卷十八#p028,"除是無此物,方無此理。",除是無此物方無此理,9,True,False,li_only,"{""raw"": ""(僴/)""}","[{""level"": 2, ""text"": ""大學五(或問下/)""}, {""level"": 3, ""text"": ""獨其所謂格物致知者一段""}, {""level"": 3, ""text"": ""然則吾子之意亦可得而悉聞一段""}, {""level"": 3, ""text"": ""近世大儒有為格物致知之説一段""}, {""level"": 3, ""text"": ""傳六章""}, {""level"": 3, ""text"": ""傳七章""}, {""level"": 3, ""text"": ""傳九章""}, {""level"": 3, ""text"": ""傳十章""}]"
Z004262,卷十一#p015#s1,11,卷十一,15,1,卷十一#p015,"讀書須是要身心都入在這一段裏靣,更不問外靣有何事,方見得一段道理出。",讀書須是要身心都入在這一段裏靣更不問外靣有何事方見得一段道理出,31,True,False,li_only,"{""raw"": ""(祖道/)""}","[{""level"": 2, ""text"": ""學五""}, {""level"": 3, ""text"": ""讀書法下""}]"
Z010572,卷二十#p126#s5,20,卷二十,126,5,卷二十#p126,"自古聖賢相傳,只是理㑹一箇心,心只是一箇性,性只是有箇仁義禮智,都無許多般様,見於事,自有許多般様。",自古聖賢相傳只是理㑹一箇心心只是一箇性性只是有箇仁義禮智都無許多般様見於事自有許多般様,43,True,False,li_only,,"[{""level"": 2, ""text"": ""論語二""}, {""level"": 3, ""text"": ""學而篇上""}, {""level"": 4, ""text"": ""子曰學而時習之章""}, {""level"": 4, ""text"": ""有子曰其為人也孝弟章""}, {""level"": 4, ""text"": ""巧言令色章""}]"
Z017328,卷三十一#p062#s1,31,卷三十一,62,1,卷三十一#p062,"恭父問:""孔、顔之分,固不同,其所樂䖏,莫只一般否?""曰:""聖人都忘了身,只有箇道理。",恭父問孔顔之分固不同其所樂䖏莫只一般否曰聖人都忘了身只有箇道理,31,True,False,li_only,"{""raw"": ""(恪/)""}","[{""level"": 2, ""text"": ""論語十三""}, {""level"": 3, ""text"": ""雍也篇二""}, {""level"": 4, ""text"": ""子華使於齊章""}, {""level"": 4, ""text"": ""子謂仲弓章""}, {""level"": 4, ""text"": ""子曰回也章""}, {""level"": 4, ""text"": ""季康子問仲由章""}, {""level"": 4, ""text"": ""季氏使閔子騫為費宰章""}, {""level"": 4, ""text"": ""伯牛有疾章""}, {""level"": 4, ""text"": ""賢哉回也章""}]"
Z018386,卷三十三#p069#s6,33,卷三十三,69,6,卷三十三#p069,"但克去己私,復得天理,便是仁,何必博施而後為仁?若必待如此,則有終身不得仁者矣。",但克去己私復得天理便是仁何必博施而後為仁若必待如此則有終身不得仁者矣,34,True,False,li_only,"{""raw"": ""(明/作)""}","[{""level"": 2, ""text"": ""論語十五""}, {""level"": 3, ""text"": ""雍也篇四""}, {""level"": 4, ""text"": ""齊一變至於魯章""}, {""level"": 4, ""text"": ""觚不觚章""}, {""level"": 4, ""text"": ""井有仁焉章""}, {""level"": 4, ""text"": ""君子博學扵文章""}, {""level"": 4, ""text"": ""子見南子章""}, {""level"": 4, ""text"": ""中庸之為徳章""}, {""level"": 4, ""text"": ""子貢曰如有博施扵民章""}]"
Z058578,卷一百十三#p037#s6,113,卷一百十三,37,6,卷一百十三#p037,"是非既定,却揀一箇是處行将去,必欲囬互得人,人道好,豈有此理?然事之是非,乆却自定,時下湏是在我者無慊,仰不愧俯不怍,别人道好,道惡管他?""",是非既定却揀一箇是處行将去必欲囬互得人人道好豈有此理然事之是非乆却自定時下湏是在我者無慊仰不愧俯不怍别人道好道惡管他,58,True,False,li_only,,"[{""level"": 2, ""text"": ""朱子十""}, {""level"": 3, ""text"": ""訓門人一""}]"
Z005894,卷十四#p038#s1,14,卷十四,38,1,卷十四#p038,"荅林子淵説《大學》曰:""聖人之書,做一様看不得,有只説一箇下工夫規模有首尾,只説道理。",荅林子淵説大學曰聖人之書做一様看不得有只説一箇下工夫規模有首尾只説道理,35,True,False,li_only,"{""raw"": ""(賀孫/)""}","[{""level"": 2, ""text"": ""大學一""}, {""level"": 3, ""text"": ""綱領""}, {""level"": 3, ""text"": ""序""}, {""level"": 3, ""text"": ""經上""}]"
Z053302,卷九十七#p105#s6,97,卷九十七,105,6,卷九十七#p105,"""義剛曰:""理在物,見在我曰,是如此。",義剛曰理在物見在我曰是如此,13,True,False,li_only,"{""raw"": ""(義/剛)""}","[{""level"": 2, ""text"": ""程子之書三(此卷係遺書中非入近思與四書/等注者以類而從别為一卷文集)""}]"
Z052971,卷九十七#p035#s2,97,卷九十七,35,2,卷九十七#p035,"誠是實理,自然如此,此處却不曾帶那動,只恁地平安在這裏。",誠是實理自然如此此處却不曾帶那動只恁地平安在這裏,24,True,False,li_only,"{""raw"": ""(端/䝉)""}","[{""level"": 2, ""text"": ""程子之書三(此卷係遺書中非入近思與四書/等注者以類而從别為一卷文集)""}]"
Z062183,卷一百二十#p116#s1,120,卷一百二十,116,1,卷一百二十#p116,"包顯道書来言:""自壬子九月一省之後,先生謂顯道曰:""人心存亡之決,只在出入息之間,豈有截自今日,今時便鬼亂,已後便悄悄之理?聖賢之學,是掯掯定定做,不知不覺,自然做得徹。",包顯道書来言自壬子九月一省之後先生謂顯道曰人心存亡之決只在出入息之間豈有截自今日今時便鬼亂已後便悄悄之理聖賢之學是掯掯定定做不知不覺自然做得徹,71,True,False,li_only,"{""raw"": ""(義剛/)""}","[{""level"": 2, ""text"": ""朱子十七""}, {""level"": 3, ""text"": ""訓門人八(雜訓諸門人/者為此卷)""}]"
Z031535,卷六十二#p072#s7,62,卷六十二,72,7,卷六十二#p072,"若除去一隻脚,坐不得,便失其椅之理矣。",若除去一隻脚坐不得便失其椅之理矣,16,True,False,li_only,"{""raw"": ""(僴/)""}","[{""level"": 2, ""text"": ""中庸一""}, {""level"": 3, ""text"": ""綱領""}, {""level"": 3, ""text"": ""章句序""}, {""level"": 3, ""text"": ""章句""}, {""level"": 3, ""text"": ""第一章""}]"
Z001674,卷四#p010#s7,4,卷四,10,7,卷四#p010,"以理言之,則無不全,以氣言之,則不能無偏。",以理言之則無不全以氣言之則不能無偏,17,True,True,both,,"[{""level"": 2, ""text"": ""性理一""}, {""level"": 3, ""text"": ""人物之性氣質之性""}]"
Z011570,卷二十二#p066#s3,22,卷二十二,66,3,卷二十二#p066,"若以勢觀之,自是不和,然其實却是甘心為之,皆合於禮,而理自和矣。",若以勢觀之自是不和然其實却是甘心為之皆合於禮而理自和矣,27,True,False,li_only,"{""raw"": ""(卓/)""}","[{""level"": 2, ""text"": ""論語四""}, {""level"": 3, ""text"": ""學而篇下""}, {""level"": 4, ""text"": ""慎終追逺章""}, {""level"": 4, ""text"": ""夫子至於是邦章""}, {""level"": 4, ""text"": ""父在觀其志章""}, {""level"": 4, ""text"": ""禮之用和為貴章""}, {""level"": 4, ""text"": ""信近於義章""}, {""level"": 4, ""text"": ""君子食無求飽章""}, {""level"": 4, ""text"": ""貧而無諂章""}, {""level"": 4, ""text"": ""不患人之不己知章""}]"
Z033376,卷六十四#p101#s3,64,卷六十四,101,3,卷六十四#p101,誠只是實然之理。,誠只是實然之理,7,True,False,li_only,,"[{""level"": 2, ""text"": ""中庸三""}, {""level"": 3, ""text"": ""第二十章""}, {""level"": 3, ""text"": ""第二十一章""}, {""level"": 3, ""text"": ""第二十二章""}, {""level"": 3, ""text"": ""第二十三章""}, {""level"": 3, ""text"": ""第二十四章""}, {""level"": 3, ""text"": ""第二十五章""}, {""level"": 3, ""text"": ""第二十六章""}, {""level"": 3, ""text"": ""第二十七章""}, {""level"": 3, ""text"": ""第二十八章""}, {""level"": 3, ""text"": ""第二十九章""}, {""level"": 3, ""text"": ""第三十章""}, {""level"": 3, ""text"": ""第三十一章""}, {""level"": 3, ""text"": ""第三十二章""}, {""level"": 3, ""text"": ""第三十三章""}]"
Z046153,卷八十三#p132#s1,83,卷八十三,132,1,卷八十三#p132,"問:""先生於二禮書春秋》未有說,何也?""曰春秋》是當時實事,孔子書在册子工,後世諸儒學未至,而各以己意揣度,正横渠所謂非理明義精而治之,故其說多鑿是也。",問先生於二禮書春秋未有說何也曰春秋是當時實事孔子書在册子工後世諸儒學未至而各以己意揣度正横渠所謂非理明義精而治之故其說多鑿是也,63,True,False,li_only,"{""raw"": ""(大/雅)""}","[{""level"": 2, ""text"": ""春秋""}, {""level"": 3, ""text"": ""綱領""}, {""level"": 4, ""text"": ""經(傳附/)""}, {""level"": 3, ""text"": ""有兩處說皆作刑罰字說(義剛○/十二年)""}]"
Z010847,卷二十一#p032#s6,21,卷二十一,32,6,卷二十一#p032,"只是一箇理,自其發於心,謂之忠,驗於事謂之信。",只是一箇理自其發於心謂之忠驗於事謂之信,19,True,False,li_only,"{""raw"": ""(恪/)""}","[{""level"": 2, ""text"": ""論語三""}, {""level"": 3, ""text"": ""學而篇中""}, {""level"": 4, ""text"": ""曽子曰吾日三省吾身章""}, {""level"": 4, ""text"": ""道千乘之國章""}, {""level"": 4, ""text"": ""弟子入則孝章""}, {""level"": 4, ""text"": ""賢賢易色章""}, {""level"": 4, ""text"": ""君子不重則不威章""}]"
Z037458,卷七十#p139#s16,70,卷七十,139,16,卷七十#p139,"盖亦義理之同物,終不得而間之,故相遇也。",盖亦義理之同物終不得而間之故相遇也,17,True,False,li_only,"{""raw"": ""(銖/)""}","[{""level"": 2, ""text"": ""易六""}, {""level"": 4, ""text"": ""屯""}, {""level"": 4, ""text"": ""䝉""}, {""level"": 4, ""text"": ""需""}, {""level"": 4, ""text"": ""訟""}, {""level"": 4, ""text"": ""師""}, {""level"": 4, ""text"": ""比""}, {""level"": 4, ""text"": ""小畜""}, {""level"": 4, ""text"": ""履""}, {""level"": 4, ""text"": ""泰""}, {""level"": 4, ""text"": ""否""}, {""level"": 4, ""text"": ""同人""}, {""level"": 4, ""text"": ""大有""}, {""level"": 4, ""text"": ""謙""}, {""level"": 4, ""text"": ""豫""}, {""level"": 4, ""text"": ""隨""}, {""level"": 4, ""text"": ""蠱""}, {""level"": 4, ""text"": ""臨""}, {""level"": 4, ""text"": ""觀""}]"
Z059714,卷一百十六#p047#s2,116,卷一百十六,47,2,卷一百十六#p047,"""曰:""只㸔公如此説,便是不曾理㑹得了。",曰只㸔公如此説便是不曾理㑹得了,15,True,False,li_only,,"[{""level"": 2, ""text"": ""朱子十三""}, {""level"": 3, ""text"": ""訓門人四""}]"
Z018117,卷三十三#p024#s2,33,卷三十三,24,2,卷三十三#p024,"如眼前理㑹道理,及扵所為所行䖏,審别是否,皆是。",如眼前理㑹道理及扵所為所行䖏審别是否皆是,20,True,False,li_only,"{""raw"": ""(必/大)""}","[{""level"": 2, ""text"": ""論語十五""}, {""level"": 3, ""text"": ""雍也篇四""}, {""level"": 4, ""text"": ""齊一變至於魯章""}, {""level"": 4, ""text"": ""觚不觚章""}, {""level"": 4, ""text"": ""井有仁焉章""}, {""level"": 4, ""text"": ""君子博學扵文章""}, {""level"": 4, ""text"": ""子見南子章""}, {""level"": 4, ""text"": ""中庸之為徳章""}, {""level"": 4, ""text"": ""子貢曰如有博施扵民章""}]"
Z061171,卷一百十九#p008#s6,119,卷一百十九,8,6,卷一百十九#p008,"若是恁地,便不是自强不息底道理。",若是恁地便不是自强不息底道理,14,True,False,li_only,"{""raw"": ""(義剛/)""}","[{""level"": 2, ""text"": ""朱子十六""}, {""level"": 3, ""text"": ""訓門人七""}]"
Z000452,卷一#p014#s2,1,卷一,14,2,卷一#p014,"""曰:""要之也先有理,只不可說是。",曰要之也先有理只不可說是,12,True,False,li_only,"{""raw"": ""(胡泳/)""}","[{""level"": 2, ""text"": ""理氣上""}, {""level"": 3, ""text"": ""太極天地上""}]"
Z033074,卷六十四#p045#s1,64,卷六十四,45,1,卷六十四#p045,"自誠明謂之性,誠實然之理,此堯、舜以上事。",自誠明謂之性誠實然之理此堯舜以上事,17,True,False,li_only,"{""raw"": ""(可/學)""}","[{""level"": 2, ""text"": ""中庸三""}, {""level"": 3, ""text"": ""第二十章""}, {""level"": 3, ""text"": ""第二十一章""}, {""level"": 3, ""text"": ""第二十二章""}, {""level"": 3, ""text"": ""第二十三章""}, {""level"": 3, ""text"": ""第二十四章""}, {""level"": 3, ""text"": ""第二十五章""}, {""level"": 3, ""text"": ""第二十六章""}, {""level"": 3, ""text"": ""第二十七章""}, {""level"": 3, ""text"": ""第二十八章""}, {""level"": 3, ""text"": ""第二十九章""}, {""level"": 3, ""text"": ""第三十章""}, {""level"": 3, ""text"": ""第三十一章""}, {""level"": 3, ""text"": ""第三十二章""}, {""level"": 3, ""text"": ""第三十三章""}]"
Z068086,卷一百三十二#p088#s1,132,卷一百三十二,88,1,卷一百三十二#p088,"彪居正徳美記得無限《史記》,只是不肯說,只要說一般無巴鼻底道理。",彪居正徳美記得無限史記只是不肯說只要說一般無巴鼻底道理,27,True,False,li_only,"{""raw"": ""(璘/)""}","[{""level"": 2, ""text"": ""本朝六""}, {""level"": 3, ""text"": ""中興至今人物下""}]"
Z021351,卷三十七#p047#s10,37,卷三十七,47,10,卷三十七#p047,"自古固有以此而濟事者,但終非可常行之理。",自古固有以此而濟事者但終非可常行之理,18,True,False,li_only,"{""raw"": ""(廣/)""}","[{""level"": 2, ""text"": ""論語十九""}, {""level"": 3, ""text"": ""子罕篇下""}, {""level"": 4, ""text"": ""法語之言章""}, {""level"": 4, ""text"": ""三軍可奪帥章""}, {""level"": 4, ""text"": ""衣敝緼袍章""}, {""level"": 4, ""text"": ""知者不惑章""}, {""level"": 4, ""text"": ""可與共學章""}, {""level"": 4, ""text"": ""唐棣之華章""}]"
Z069992,卷一百三十七#p050#s13,137,卷一百三十七,50,13,卷一百三十七#p050,"""問他只縁以《元經》帝魏生此説,曰:""便是它大本領䖏不曽理㑹,縦有一二言語可取,但偶然耳。",問他只縁以元經帝魏生此説曰便是它大本領䖏不曽理㑹縦有一二言語可取但偶然耳,36,True,False,li_only,"{""raw"": ""(䕫/孫)""}","[{""level"": 2, ""text"": ""戰國漢唐諸子""}]"
Z010354,卷二十#p097#s2,20,卷二十,97,2,卷二十#p097,"(泳○愛之/理,心之徳)",泳愛之理心之徳,7,True,False,li_only,,"[{""level"": 2, ""text"": ""論語二""}, {""level"": 3, ""text"": ""學而篇上""}, {""level"": 4, ""text"": ""子曰學而時習之章""}, {""level"": 4, ""text"": ""有子曰其為人也孝弟章""}, {""level"": 4, ""text"": ""巧言令色章""}]"
Z038567,卷七十二#p018#s16,72,卷七十二,18,16,卷七十二#p018,"今山林冬暖而蛇出者,往往多死,此即屈伸往來,感應必然之理。",今山林冬暖而蛇出者往往多死此即屈伸往來感應必然之理,25,True,False,li_only,"{""raw"": ""(謨/)""}","[{""level"": 2, ""text"": ""易八""}, {""level"": 4, ""text"": ""咸""}, {""level"": 4, ""text"": ""恒""}, {""level"": 4, ""text"": ""遯""}, {""level"": 4, ""text"": ""大壯""}, {""level"": 4, ""text"": ""晉""}, {""level"": 4, ""text"": ""明夷""}, {""level"": 4, ""text"": ""家人""}, {""level"": 4, ""text"": ""睽""}, {""level"": 4, ""text"": ""蹇""}, {""level"": 4, ""text"": ""解""}, {""level"": 4, ""text"": ""損""}, {""level"": 4, ""text"": ""益""}, {""level"": 4, ""text"": ""夬""}, {""level"": 4, ""text"": ""姤""}, {""level"": 4, ""text"": ""萃""}, {""level"": 4, ""text"": ""升""}]"
Z024339,卷四十四#p106#s3,44,卷四十四,106,3,卷四十四#p106,"下學、上達,雖是兩件,理㑹得透徹,厮合只一件。",下學上達雖是兩件理㑹得透徹厮合只一件,18,True,False,li_only,"{""raw"": ""(㝢/)""}","[{""level"": 2, ""text"": ""論語二十六""}, {""level"": 3, ""text"": ""憲問篇""}, {""level"": 4, ""text"": ""憲問恥章""}, {""level"": 4, ""text"": ""克伐怨欲不行章""}, {""level"": 4, ""text"": ""有徳者必有言章""}, {""level"": 4, ""text"": ""南宫适問於孔子章""}, {""level"": 4, ""text"": ""君子而不仁者章""}, {""level"": 4, ""text"": ""愛之能勿勞乎章""}, {""level"": 4, ""text"": ""為命章""}, {""level"": 4, ""text"": ""或問子産章""}, {""level"": 4, ""text"": ""貧而無怨章""}, {""level"": 4, ""text"": ""子路問成人章""}, {""level"": 4, ""text"": ""子問公叔文子章""}, {""level"": 4, ""text"": ""晉文公譎而不正章""}, {""level"": 4, ""text"": ""子路曰桓公殺公子糾章""}, {""level"": 4, ""text"": ""子貢曰管仲非仁章""}, {""level"": 4, ""text"": ""陳成子弑簡公章""}, {""level"": 4, ""text"": ""子路問事君章""}, {""level"": 4, ""text"": ""君子上達章""}, {""level"": 4, ""text"": ""古之學者為己章""}, {""level"": 4, ""text"": ""蘧伯玉使人於孔子章""}, {""level"": 4, ""text"": ""君子恥其言過其行章""}, {""level"": 4, ""text"": ""子貢方人章""}, {""level"": 4, ""text"": ""不逆詐章""}, {""level"": 4, ""text"": ""微生畝謂孔子章""}, {""level"": 4, ""text"": ""驥不稱其力章""}, {""level"": 4, ""text"": ""以徳報怨章""}, {""level"": 4, ""text"": ""莫我知也夫章""}, {""level"": 4, ""text"": ""公伯寮愬子路章""}, {""level"": 4, ""text"": ""賢者辟世章""}, {""level"": 4, ""text"": ""子路宿於石門章""}, {""level"": 4, ""text"": ""子擊磬於衛章""}, {""level"": 4, ""text"": ""上好禮章""}, {""level"": 4, ""text"": ""子路問君子章""}, {""level"": 4, ""text"": ""原壤夷俟章""}, {""level"": 4, ""text"": ""闕黨童子將命章""}]"
Z051948,卷九十五#p102#s6,95,卷九十五,102,6,卷九十五#p102,"且如今人私欲萬端,紛紛擾擾,無可奈何,如何得他大公?所見與理皆是背馳,如何便得他順應?""道夫曰:""這便是先生前日所謂也須存得這箇在。",且如今人私欲萬端紛紛擾擾無可奈何如何得他大公所見與理皆是背馳如何便得他順應道夫曰這便是先生前日所謂也須存得這箇在,56,True,False,li_only,"{""raw"": ""(道/夫)""}","[{""level"": 2, ""text"": ""程子之書一(凡入近思録者皆/依次第類為此卷)""}]"
Z018701,卷三十四#p027#s3,34,卷三十四,27,3,卷三十四#p027,"惟理義以養其氣,養之久,則自然到此否?""曰:""亦須稍嚴肅則可,不然則無下手處。",惟理義以養其氣養之久則自然到此否曰亦須稍嚴肅則可不然則無下手處,31,True,True,both,"{""raw"": ""(恪/)""}","[{""level"": 2, ""text"": ""論語十六""}, {""level"": 3, ""text"": ""述而篇""}, {""level"": 4, ""text"": ""述而不作章""}, {""level"": 4, ""text"": ""黙而識之章""}, {""level"": 4, ""text"": ""徳之不脩章""}, {""level"": 4, ""text"": ""子之燕居章""}, {""level"": 4, ""text"": ""甚矣吾衰章""}, {""level"": 4, ""text"": ""志於道章""}, {""level"": 4, ""text"": ""自行束脩章""}, {""level"": 4, ""text"": ""不憤不啓章""}, {""level"": 4, ""text"": ""子食於有喪者之側章""}, {""level"": 4, ""text"": ""子謂顔淵曰章""}, {""level"": 4, ""text"": ""富而可求章""}, {""level"": 4, ""text"": ""子在齊聞韶章""}, {""level"": 4, ""text"": ""冉有曰夫子為衞君乎章""}, {""level"": 4, ""text"": ""飯疏食章""}, {""level"": 4, ""text"": ""加我數年章""}, {""level"": 4, ""text"": ""子所雅言章""}, {""level"": 4, ""text"": ""葉公問孔子於子路章""}, {""level"": 4, ""text"": ""我非生而知之者章""}, {""level"": 4, ""text"": ""子不語怪力亂神章""}, {""level"": 4, ""text"": ""三人行章""}, {""level"": 4, ""text"": ""天生徳於予章""}, {""level"": 4, ""text"": ""二三子以我為隠乎章""}, {""level"": 4, ""text"": ""子以四教章""}, {""level"": 4, ""text"": ""聖人吾不得而見之章""}, {""level"": 4, ""text"": ""盖有不知而作之者章""}, {""level"": 4, ""text"": ""仁逺乎哉章""}, {""level"": 4, ""text"": ""陳司敗問昭公章""}, {""level"": 4, ""text"": ""子與人歌而善章""}, {""level"": 4, ""text"": ""文莫吾猶人也章""}, {""level"": 4, ""text"": ""若聖與仁章""}, {""level"": 4, ""text"": ""子疾病章""}, {""level"": 4, ""text"": ""奢則不孫章""}, {""level"": 4, ""text"": ""君子坦蕩蕩章""}, {""level"": 4, ""text"": ""子温而厲章""}]"
Z000179,原序#p117#s1,0,原序,117,1,原序#p117,末而理為本也。,末而理為本也,6,True,False,li_only,,[]
Z042976,卷七十八#p223#s5,78,卷七十八,223,5,卷七十八#p223,"須是在天理則存天理,在人欲則去人欲。",須是在天理則存天理在人欲則去人欲,16,True,False,li_only,"{""raw"": ""(可學/)""}","[{""level"": 2, ""text"": ""尚書一""}, {""level"": 3, ""text"": ""綱領""}, {""level"": 3, ""text"": ""堯典""}, {""level"": 3, ""text"": ""舜典""}, {""level"": 3, ""text"": ""大禹謨""}, {""level"": 3, ""text"": ""臯陶謨""}, {""level"": 3, ""text"": ""益稷""}]"
Z064359,卷一百二十六#p049#s3,126,卷一百二十六,49,3,卷一百二十六#p049,"若如禅者所見,只看得箇主人翁便了,其動而不中理者,都不管矣。",若如禅者所見只看得箇主人翁便了其動而不中理者都不管矣,26,True,False,li_only,"{""raw"": ""(友/仁)""}","[{""level"": 3, ""text"": ""釋氏""}]"
Z002242,卷五#p012#s1,5,卷五,12,1,卷五#p012,"性是許多理,散在處為性。",性是許多理散在處為性,10,True,False,li_only,"{""raw"": ""(同/)""}","[{""level"": 2, ""text"": ""性理二""}, {""level"": 3, ""text"": ""性情心意等名義""}]"
Z010922,卷二十一#p049#s8,21,卷二十一,49,8,卷二十一#p049,"明道之語,周於事物之理,便恁地圓轉,伊川之語嚴,故截然方正。",明道之語周於事物之理便恁地圓轉伊川之語嚴故截然方正,25,True,False,li_only,"{""raw"": ""(道夫○㝢/録别出)""}","[{""level"": 2, ""text"": ""論語三""}, {""level"": 3, ""text"": ""學而篇中""}, {""level"": 4, ""text"": ""曽子曰吾日三省吾身章""}, {""level"": 4, ""text"": ""道千乘之國章""}, {""level"": 4, ""text"": ""弟子入則孝章""}, {""level"": 4, ""text"": ""賢賢易色章""}, {""level"": 4, ""text"": ""君子不重則不威章""}]"
Z050907,卷九十四#p144#s6,94,卷九十四,144,6,卷九十四#p144,"""問:""此都是説這道理。",問此都是説這道理,8,True,False,li_only,"{""raw"": ""(賀/孫)""}","[{""level"": 2, ""text"": ""周子之書""}, {""level"": 3, ""text"": ""太極圖""}, {""level"": 3, ""text"": ""通書""}, {""level"": 4, ""text"": ""誠上""}, {""level"": 4, ""text"": ""誠下""}, {""level"": 4, ""text"": ""誠㡬徳""}, {""level"": 4, ""text"": ""聖""}, {""level"": 4, ""text"": ""慎動""}, {""level"": 4, ""text"": ""師""}, {""level"": 4, ""text"": ""幸""}, {""level"": 4, ""text"": ""思""}, {""level"": 4, ""text"": ""志學""}, {""level"": 4, ""text"": ""動静""}, {""level"": 4, ""text"": ""樂一""}, {""level"": 4, ""text"": ""聖學""}, {""level"": 4, ""text"": ""理性命""}, {""level"": 4, ""text"": ""顔子""}, {""level"": 4, ""text"": ""師友""}, {""level"": 4, ""text"": ""勢""}, {""level"": 4, ""text"": ""文辭""}, {""level"": 4, ""text"": ""聖藴""}, {""level"": 4, ""text"": ""精藴""}, {""level"": 4, ""text"": ""乾損益動""}, {""level"": 4, ""text"": ""䝉艮""}, {""level"": 4, ""text"": ""後録""}, {""level"": 4, ""text"": ""拙賦""}]"
Z040410,卷七十四#p129#s22,74,卷七十四,129,22,卷七十四#p129,"其發見時,在這道理中發去,及至成這事時,又只。",其發見時在這道理中發去及至成這事時又只,19,True,False,li_only,,"[{""level"": 2, ""text"": ""易十""}, {""level"": 3, ""text"": ""上繫上""}, {""level"": 4, ""text"": ""右第一章""}, {""level"": 4, ""text"": ""右第二章""}, {""level"": 4, ""text"": ""右第三章(分章今/依夲義)""}, {""level"": 4, ""text"": ""右第四章""}, {""level"": 4, ""text"": ""右第五章""}, {""level"": 4, ""text"": ""右第六章""}, {""level"": 4, ""text"": ""右第七章""}]"
Z030279,卷六十#p070#s2,60,卷六十,70,2,卷六十#p070,"為父而實有慈,為子而實有孝,豈不快活?若反身不誠,是無此理。",為父而實有慈為子而實有孝豈不快活若反身不誠是無此理,25,True,False,li_only,"{""raw"": ""(驤/)""}","[{""level"": 2, ""text"": ""孟子十""}, {""level"": 3, ""text"": ""盡心上""}, {""level"": 4, ""text"": ""盡其心者章""}, {""level"": 4, ""text"": ""莫非命也章""}, {""level"": 4, ""text"": ""萬物皆備於我矣章""}, {""level"": 4, ""text"": ""行之而不著焉章""}, {""level"": 4, ""text"": ""待文王而後興章""}, {""level"": 4, ""text"": ""霸者之民章""}, {""level"": 4, ""text"": ""人之所不學而能者章""}, {""level"": 4, ""text"": ""舜居深山之中章""}, {""level"": 3, ""text"": ""無為其所不為章""}, {""level"": 4, ""text"": ""人之有徳慧術知章""}, {""level"": 3, ""text"": ""廣土衆民章""}, {""level"": 4, ""text"": ""孔子登東山而小魯章""}, {""level"": 4, ""text"": ""雞鳴而起章""}, {""level"": 4, ""text"": ""楊子取為我章""}, {""level"": 3, ""text"": ""堯舜性之也章""}, {""level"": 4, ""text"": ""王子墊問曰章""}, {""level"": 4, ""text"": ""桃應問曰章""}, {""level"": 4, ""text"": ""孟子自范之齊章""}, {""level"": 4, ""text"": ""形色天性章""}, {""level"": 4, ""text"": ""君子所以教者五章""}, {""level"": 4, ""text"": ""公孫丑曰道則高矣美矣章""}, {""level"": 4, ""text"": ""於不可已而已章""}, {""level"": 4, ""text"": ""知者無不知也章""}]"
Z005387,卷十三#p061#s4,13,卷十三,61,4,卷十三#p061,"天佑下民,作之君,作之師,只是為此道理,所以作箇君師,以輔相裁成,左右民,使各全其秉彞之良,而不失其夲然之善而已。",天佑下民作之君作之師只是為此道理所以作箇君師以輔相裁成左右民使各全其秉彞之良而不失其夲然之善而已,48,True,False,li_only,"{""raw"": ""(卓○/僴同)""}","[{""level"": 2, ""text"": ""學七""}, {""level"": 3, ""text"": ""力行""}]"
Z030363,卷六十#p092#s3,60,卷六十,92,3,卷六十#p092,"豪傑質美生下来,便見這道理,何用費力?今人至於沈迷而不反,而聖人為之屡言之,方始肯求,已是下愚了。",豪傑質美生下来便見這道理何用費力今人至於沈迷而不反而聖人為之屡言之方始肯求已是下愚了,42,True,False,li_only,"{""raw"": ""(大雅/)""}","[{""level"": 2, ""text"": ""孟子十""}, {""level"": 3, ""text"": ""盡心上""}, {""level"": 4, ""text"": ""盡其心者章""}, {""level"": 4, ""text"": ""莫非命也章""}, {""level"": 4, ""text"": ""萬物皆備於我矣章""}, {""level"": 4, ""text"": ""行之而不著焉章""}, {""level"": 4, ""text"": ""待文王而後興章""}, {""level"": 4, ""text"": ""霸者之民章""}, {""level"": 4, ""text"": ""人之所不學而能者章""}, {""level"": 4, ""text"": ""舜居深山之中章""}, {""level"": 3, ""text"": ""無為其所不為章""}, {""level"": 4, ""text"": ""人之有徳慧術知章""}, {""level"": 3, ""text"": ""廣土衆民章""}, {""level"": 4, ""text"": ""孔子登東山而小魯章""}, {""level"": 4, ""text"": ""雞鳴而起章""}, {""level"": 4, ""text"": ""楊子取為我章""}, {""level"": 3, ""text"": ""堯舜性之也章""}, {""level"": 4, ""text"": ""王子墊問曰章""}, {""level"": 4, ""text"": ""桃應問曰章""}, {""level"": 4, ""text"": ""孟子自范之齊章""}, {""level"": 4, ""text"": ""形色天性章""}, {""level"": 4, ""text"": ""君子所以教者五章""}, {""level"": 4, ""text"": ""公孫丑曰道則高矣美矣章""}, {""level"": 4, ""text"": ""於不可已而已章""}, {""level"": 4, ""text"": ""知者無不知也章""}]"
Z007332,卷十六#p051#s1,16,卷十六,51,1,卷十六#p051,"劉圻父説:""人心之靈,莫不有知,而天下之物,莫不有理,恐眀眀徳便是性。",劉圻父説人心之靈莫不有知而天下之物莫不有理恐眀眀徳便是性,28,True,False,li_only,"{""raw"": ""(義剛○/子寰同)""}","[{""level"": 2, ""text"": ""大學三""}, {""level"": 3, ""text"": ""傳一章釋眀眀徳""}, {""level"": 3, ""text"": ""傳二章釋新民""}, {""level"": 3, ""text"": ""傳三章釋止於至善""}, {""level"": 3, ""text"": ""傳四章釋本末""}, {""level"": 3, ""text"": ""傳五章釋格物致知""}, {""level"": 3, ""text"": ""𫝊六章釋誠意""}, {""level"": 3, ""text"": ""𫝊七章釋正心脩身""}, {""level"": 3, ""text"": ""𫝊八章釋脩身齊家""}, {""level"": 3, ""text"": ""𫝊九章釋齊家治國""}, {""level"": 3, ""text"": ""𫝊十章釋治國平天下""}]"
Z008586,卷十七#p040#s6,17,卷十七,40,6,卷十七#p040,"如夏熱冬寒,君仁臣敬,非知),所以謂之妙衆理,猶言能運用衆理也。",如夏熱冬寒君仁臣敬非知所以謂之妙衆理猶言能運用衆理也,26,True,False,li_only,"{""raw"": ""(僴/)""}","[{""level"": 2, ""text"": ""大學四(或問上/)""}, {""level"": 3, ""text"": ""或問吾子以為大人之學一叚""}, {""level"": 3, ""text"": ""此篇所謂在明明徳一叚""}, {""level"": 3, ""text"": ""知止而後有定以下一叚""}, {""level"": 3, ""text"": ""古之欲明明徳扵天下一叚""}, {""level"": 3, ""text"": ""治國平天下者諸侯之事一叚""}, {""level"": 2, ""text"": ""傳一章""}, {""level"": 3, ""text"": ""然則其曰克明徳一叚""}, {""level"": 3, ""text"": ""顧諟天之明命一叚""}, {""level"": 3, ""text"": ""是三者固皆自明之事一叚""}, {""level"": 2, ""text"": ""傳二章""}, {""level"": 3, ""text"": ""或問盤之有銘一叚""}, {""level"": 2, ""text"": ""傳三章""}, {""level"": 3, ""text"": ""復引淇澳之詩一叚""}]"
Z064206,卷一百二十六#p016#s2,126,卷一百二十六,16,2,卷一百二十六#p016,"釋氏於天理大本處,見得些分數,然却認為己有,而以生為寄,故要見得父母未生時靣目,既見便不認作衆人公共底。",釋氏於天理大本處見得些分數然却認為己有而以生為寄故要見得父母未生時靣目既見便不認作衆人公共底,46,True,False,li_only,"{""raw"": ""(大/雅)""}","[{""level"": 3, ""text"": ""釋氏""}]"
Z006479,卷十五#p001#s9,15,卷十五,1,9,卷十五#p001,"第三義,如何㑹好?若事事窮得盡道理,事事占得第一義,做甚麽剛方正大?且如為學,決定是要做聖賢,這是第一義,便漸漸有進歩處。",第三義如何㑹好若事事窮得盡道理事事占得第一義做甚麽剛方正大且如為學決定是要做聖賢這是第一義便漸漸有進歩處,52,True,False,li_only,,"[{""level"": 2, ""text"": ""大學二""}, {""level"": 3, ""text"": ""經下""}]"
Z013416,卷二十五#p024#s6,25,卷二十五,24,6,卷二十五#p024,"所謂升降揖遜、鏗鏘節奏,為何等物?不是禮樂無序與不和,是他自見得無序與不和,而禮樂之理只在也。",所謂升降揖遜鏗鏘節奏為何等物不是禮樂無序與不和是他自見得無序與不和而禮樂之理只在也,41,True,False,li_only,"{""raw"": ""(南升/)""}","[{""level"": 2, ""text"": ""論語七""}, {""level"": 3, ""text"": ""八佾篇""}, {""level"": 4, ""text"": ""孔子謂季氏章""}, {""level"": 4, ""text"": ""三家者以雍徹章""}, {""level"": 4, ""text"": ""人而不仁如禮何章""}, {""level"": 4, ""text"": ""林放問禮之本章""}, {""level"": 4, ""text"": ""夷狄之有君章""}, {""level"": 4, ""text"": ""季氏旅於泰山章""}, {""level"": 4, ""text"": ""君子無所争章""}, {""level"": 4, ""text"": ""巧笑倩兮章""}, {""level"": 4, ""text"": ""夏禮吾能言之章""}, {""level"": 4, ""text"": ""禘自既灌而往者二章""}, {""level"": 4, ""text"": ""祭如在章""}, {""level"": 4, ""text"": ""與其媚於奥章""}, {""level"": 4, ""text"": ""周監於二代章""}, {""level"": 4, ""text"": ""子入太廟章""}, {""level"": 4, ""text"": ""射不主皮章""}, {""level"": 4, ""text"": ""子貢欲去告朔之餼羊章""}, {""level"": 4, ""text"": ""事君盡禮章""}, {""level"": 4, ""text"": ""君使臣以禮章""}, {""level"": 4, ""text"": ""關雎樂而不淫章""}, {""level"": 4, ""text"": ""哀公問宰我章""}, {""level"": 4, ""text"": ""管仲之器小哉章""}, {""level"": 4, ""text"": ""子語魯太師樂章""}, {""level"": 4, ""text"": ""儀封人請見章""}, {""level"": 4, ""text"": ""子謂韶盡美矣章""}, {""level"": 4, ""text"": ""居上不寛章""}]"
Z013865,卷二十五#p119#s13,25,卷二十五,119,13,卷二十五#p119,"休據楚當時慿陵中夏,僣號稱王,其罪大矣,如何不理㑹?盖才說著此事,楚決不肯服,便事勢住不得,故只尋此年代久逺已冷底罪過及些小不供貢事去問。",休據楚當時慿陵中夏僣號稱王其罪大矣如何不理㑹盖才說著此事楚決不肯服便事勢住不得故只尋此年代久逺已冷底罪過及些小不供貢事去問,61,True,False,li_only,"{""raw"": ""(廣/)""}","[{""level"": 2, ""text"": ""論語七""}, {""level"": 3, ""text"": ""八佾篇""}, {""level"": 4, ""text"": ""孔子謂季氏章""}, {""level"": 4, ""text"": ""三家者以雍徹章""}, {""level"": 4, ""text"": ""人而不仁如禮何章""}, {""level"": 4, ""text"": ""林放問禮之本章""}, {""level"": 4, ""text"": ""夷狄之有君章""}, {""level"": 4, ""text"": ""季氏旅於泰山章""}, {""level"": 4, ""text"": ""君子無所争章""}, {""level"": 4, ""text"": ""巧笑倩兮章""}, {""level"": 4, ""text"": ""夏禮吾能言之章""}, {""level"": 4, ""text"": ""禘自既灌而往者二章""}, {""level"": 4, ""text"": ""祭如在章""}, {""level"": 4, ""text"": ""與其媚於奥章""}, {""level"": 4, ""text"": ""周監於二代章""}, {""level"": 4, ""text"": ""子入太廟章""}, {""level"": 4, ""text"": ""射不主皮章""}, {""level"": 4, ""text"": ""子貢欲去告朔之餼羊章""}, {""level"": 4, ""text"": ""事君盡禮章""}, {""level"": 4, ""text"": ""君使臣以禮章""}, {""level"": 4, ""text"": ""關雎樂而不淫章""}, {""level"": 4, ""text"": ""哀公問宰我章""}, {""level"": 4, ""text"": ""管仲之器小哉章""}, {""level"": 4, ""text"": ""子語魯太師樂章""}, {""level"": 4, ""text"": ""儀封人請見章""}, {""level"": 4, ""text"": ""子謂韶盡美矣章""}, {""level"": 4, ""text"": ""居上不寛章""}]"
Z062677,卷一百二十一#p076#s8,121,卷一百二十一,76,8,卷一百二十一#p076,"這般道理,須是規模大,方理㑹得。",這般道理須是規模大方理㑹得,13,True,False,li_only,"{""raw"": ""(賀孫/)""}","[{""level"": 2, ""text"": ""朱子十八""}, {""level"": 3, ""text"": ""訓門人九(總訓門人而無/名字者為此卷)""}]"
Z019190,卷三十四#p122#s1,34,卷三十四,122,1,卷三十四#p122,"胡家說夷、齊所為,全性命之理。",胡家說夷齊所為全性命之理,12,True,False,li_only,"{""raw"": ""(楊/)""}","[{""level"": 2, ""text"": ""論語十六""}, {""level"": 3, ""text"": ""述而篇""}, {""level"": 4, ""text"": ""述而不作章""}, {""level"": 4, ""text"": ""黙而識之章""}, {""level"": 4, ""text"": ""徳之不脩章""}, {""level"": 4, ""text"": ""子之燕居章""}, {""level"": 4, ""text"": ""甚矣吾衰章""}, {""level"": 4, ""text"": ""志於道章""}, {""level"": 4, ""text"": ""自行束脩章""}, {""level"": 4, ""text"": ""不憤不啓章""}, {""level"": 4, ""text"": ""子食於有喪者之側章""}, {""level"": 4, ""text"": ""子謂顔淵曰章""}, {""level"": 4, ""text"": ""富而可求章""}, {""level"": 4, ""text"": ""子在齊聞韶章""}, {""level"": 4, ""text"": ""冉有曰夫子為衞君乎章""}, {""level"": 4, ""text"": ""飯疏食章""}, {""level"": 4, ""text"": ""加我數年章""}, {""level"": 4, ""text"": ""子所雅言章""}, {""level"": 4, ""text"": ""葉公問孔子於子路章""}, {""level"": 4, ""text"": ""我非生而知之者章""}, {""level"": 4, ""text"": ""子不語怪力亂神章""}, {""level"": 4, ""text"": ""三人行章""}, {""level"": 4, ""text"": ""天生徳於予章""}, {""level"": 4, ""text"": ""二三子以我為隠乎章""}, {""level"": 4, ""text"": ""子以四教章""}, {""level"": 4, ""text"": ""聖人吾不得而見之章""}, {""level"": 4, ""text"": ""盖有不知而作之者章""}, {""level"": 4, ""text"": ""仁逺乎哉章""}, {""level"": 4, ""text"": ""陳司敗問昭公章""}, {""level"": 4, ""text"": ""子與人歌而善章""}, {""level"": 4, ""text"": ""文莫吾猶人也章""}, {""level"": 4, ""text"": ""若聖與仁章""}, {""level"": 4, ""text"": ""子疾病章""}, {""level"": 4, ""text"": ""奢則不孫章""}, {""level"": 4, ""text"": ""君子坦蕩蕩章""}, {""level"": 4, ""text"": ""子温而厲章""}]"
Z033272,卷六十四#p080#s7,64,卷六十四,80,7,卷六十四#p080,"如人便有耳目、鼻口、手足百骸,都是你自實有底道理。",如人便有耳目鼻口手足百骸都是你自實有底道理,21,True,False,li_only,"{""raw"": ""(僴/)""}","[{""level"": 2, ""text"": ""中庸三""}, {""level"": 3, ""text"": ""第二十章""}, {""level"": 3, ""text"": ""第二十一章""}, {""level"": 3, ""text"": ""第二十二章""}, {""level"": 3, ""text"": ""第二十三章""}, {""level"": 3, ""text"": ""第二十四章""}, {""level"": 3, ""text"": ""第二十五章""}, {""level"": 3, ""text"": ""第二十六章""}, {""level"": 3, ""text"": ""第二十七章""}, {""level"": 3, ""text"": ""第二十八章""}, {""level"": 3, ""text"": ""第二十九章""}, {""level"": 3, ""text"": ""第三十章""}, {""level"": 3, ""text"": ""第三十一章""}, {""level"": 3, ""text"": ""第三十二章""}, {""level"": 3, ""text"": ""第三十三章""}]"
Z058719,卷一百十四#p016#s4,114,卷一百十四,16,4,卷一百十四#p016,"反而思之,干爾身已甚事?爾身已有多多少少底事,合當理㑹,有多多少少底病,未曾去却来説甚盛衰、興亡、治亂,這箇眞是自欺。",反而思之干爾身已甚事爾身已有多多少少底事合當理㑹有多多少少底病未曾去却来説甚盛衰興亡治亂這箇眞是自欺,50,True,False,li_only,,"[{""level"": 2, ""text"": ""朱子十一""}, {""level"": 3, ""text"": ""訓門人二""}]"
Z026173,卷五十二#p037#s2,52,卷五十二,37,2,卷五十二#p037,"公孫丑疑只就志理㑹,理㑹得志氣自随之,不必更問氣也。",公孫丑疑只就志理㑹理㑹得志氣自随之不必更問氣也,23,True,True,both,"{""raw"": ""(徳眀/)""}","[{""level"": 2, ""text"": ""孟子二""}, {""level"": 3, ""text"": ""公孫丑上""}, {""level"": 4, ""text"": ""問夫子當路於齊章""}, {""level"": 4, ""text"": ""問夫子加齊之卿相章""}]"
Z024686,卷四十五#p047#s1,45,卷四十五,47,1,卷四十五#p047,"問:""義以為質,至信以成之章,如孔子之對陽貨、孟子之不與王驩言,莫全得此理否?""曰:""然。",問義以為質至信以成之章如孔子之對陽貨孟子之不與王驩言莫全得此理否曰然,34,True,False,li_only,"{""raw"": ""(廣/)""}","[{""level"": 2, ""text"": ""論語二十七""}, {""level"": 3, ""text"": ""衞靈公篇""}, {""level"": 4, ""text"": ""衞靈公問陳章""}, {""level"": 4, ""text"": ""子曰賜也章""}, {""level"": 4, ""text"": ""子張問行章""}, {""level"": 4, ""text"": ""直哉史魚章""}, {""level"": 4, ""text"": ""志士仁人章""}, {""level"": 4, ""text"": ""子貢問為仁章""}, {""level"": 4, ""text"": ""顔淵問為邦章""}, {""level"": 4, ""text"": ""子曰已矣乎章""}, {""level"": 4, ""text"": ""躬自厚章""}, {""level"": 4, ""text"": ""不曰如之何章""}, {""level"": 4, ""text"": ""君子義以為質章""}, {""level"": 4, ""text"": ""君子矜而不争章""}, {""level"": 4, ""text"": ""子貢問有一言可以終身行之章""}, {""level"": 4, ""text"": ""吾之於人也章""}, {""level"": 4, ""text"": ""巧言亂德章""}, {""level"": 4, ""text"": ""人能𢎞道章""}, {""level"": 4, ""text"": ""吾嘗終日不食章""}, {""level"": 4, ""text"": ""君子謀道不謀食章""}, {""level"": 4, ""text"": ""知及之章""}, {""level"": 4, ""text"": ""君子不可小知章""}, {""level"": 4, ""text"": ""當仁不讓於師章""}, {""level"": 4, ""text"": ""君子貞而不諒章""}, {""level"": 4, ""text"": ""辭達而已矣章""}]"
Z040972,卷七十五#p064#s8,75,卷七十五,64,8,卷七十五#p064,"到下文是""興神物以前民用,方發揮許多道理,以盡見於用也。",到下文是興神物以前民用方發揮許多道理以盡見於用也,24,True,False,li_only,"{""raw"": ""(謨/)""}","[{""level"": 2, ""text"": ""易十一""}, {""level"": 3, ""text"": ""上繫下""}, {""level"": 4, ""text"": ""右第八章""}, {""level"": 4, ""text"": ""右第九章""}, {""level"": 4, ""text"": ""右第十章""}, {""level"": 3, ""text"": ""每卦變八卦為六十四卦(端䝉/)""}, {""level"": 4, ""text"": ""右第十一章""}, {""level"": 4, ""text"": ""右第十二章""}]"
Z054704,卷一百一#p047#s3,101,卷一百一,47,3,卷一百一#p047,"但不知渠說本體是何性,若不指理,却錯了。",但不知渠說本體是何性若不指理却錯了,17,True,False,li_only,"{""raw"": ""(可學/)""}","[{""level"": 2, ""text"": ""程子門人""}, {""level"": 3, ""text"": ""摠論""}, {""level"": 3, ""text"": ""吕與叔""}, {""level"": 3, ""text"": ""謝顯道""}, {""level"": 3, ""text"": ""楊中立""}, {""level"": 3, ""text"": ""游定夫""}, {""level"": 3, ""text"": ""侯希聖""}, {""level"": 3, ""text"": ""尹彦明""}, {""level"": 3, ""text"": ""張思叔""}, {""level"": 3, ""text"": ""郭立之(子和/)""}, {""level"": 3, ""text"": ""胡康侯(雖非門人而嘗見謝/楊今附○子姪附)""}]"
Z051913,卷九十五#p097#s2,95,卷九十五,97,2,卷九十五#p097,"葢在天只有此理,若無那形質,則此理無安頓處。",葢在天只有此理若無那形質則此理無安頓處,19,True,False,li_only,"{""raw"": ""(端/䝉)""}","[{""level"": 2, ""text"": ""程子之書一(凡入近思録者皆/依次第類為此卷)""}]"
Z059971,卷一百十七#p025#s28,117,卷一百十七,25,28,卷一百十七#p025,"此一下,未可便知,須是窮䆒萬理,要令極徹。",此一下未可便知須是窮䆒萬理要令極徹,17,True,False,li_only,"{""raw"": ""(○饒録/作五段)""}","[{""level"": 2, ""text"": ""朱子十四""}, {""level"": 3, ""text"": ""訓門人五""}]"
Z060869,卷一百十八#p068#s5,118,卷一百十八,68,5,卷一百十八#p068,"聖賢之書,説修身處便如此;説齊家治國處便如此,節節在那上,自家都要去理㑹,一一排定在這裏来,便應將去。",聖賢之書説修身處便如此説齊家治國處便如此節節在那上自家都要去理㑹一一排定在這裏来便應將去,44,True,False,li_only,"{""raw"": ""(淳/)""}","[{""level"": 2, ""text"": ""朱子十五""}, {""level"": 3, ""text"": ""訓門人六""}]"
Z012723,卷二十四#p032#s1,24,卷二十四,32,1,卷二十四#p032,"察人之所安尤難,故必如聖人之知言窮理,方能之。",察人之所安尤難故必如聖人之知言窮理方能之,20,True,False,li_only,"{""raw"": ""(廣/)""}","[{""level"": 2, ""text"": ""論語六""}, {""level"": 3, ""text"": ""為政篇下""}, {""level"": 4, ""text"": ""吾與回言章""}, {""level"": 4, ""text"": ""視其所以章""}, {""level"": 4, ""text"": ""温故而知新章""}, {""level"": 4, ""text"": ""君子不器章""}, {""level"": 4, ""text"": ""子貢問君子章""}, {""level"": 4, ""text"": ""君子周而不比章""}, {""level"": 4, ""text"": ""學而不思章""}, {""level"": 4, ""text"": ""攻乎異端章""}, {""level"": 4, ""text"": ""由誨女知之章""}, {""level"": 4, ""text"": ""子張學干禄章""}, {""level"": 4, ""text"": ""哀公問何為則民服章""}, {""level"": 4, ""text"": ""季康子問使民敬忠以勸章""}, {""level"": 4, ""text"": ""或謂子奚不為政章""}, {""level"": 4, ""text"": ""人而無信章""}, {""level"": 4, ""text"": ""子張問十世可知章""}, {""level"": 4, ""text"": ""非其鬼而祭之章""}]"
Z031265,卷六十二#p021#s2,62,卷六十二,21,2,卷六十二#p021,"然到守不得處,只著變而硬守定則不得,至變得来合理,斷然著如此做,依舊是常。",然到守不得處只著變而硬守定則不得至變得来合理斷然著如此做依舊是常,32,True,False,li_only,"{""raw"": ""(燾/)""}","[{""level"": 2, ""text"": ""中庸一""}, {""level"": 3, ""text"": ""綱領""}, {""level"": 3, ""text"": ""章句序""}, {""level"": 3, ""text"": ""章句""}, {""level"": 3, ""text"": ""第一章""}]"
Z028379,卷五十七#p032#s1,57,卷五十七,32,1,卷五十七#p032,"敬之問:""人之所以異扵禽獸者,㡬希?""曰:""人與萬物,都一般者,理也,所以不同者,心也。",敬之問人之所以異扵禽獸者㡬希曰人與萬物都一般者理也所以不同者心也,32,True,False,li_only,,"[{""level"": 2, ""text"": ""孟子七""}, {""level"": 3, ""text"": ""離婁下""}, {""level"": 4, ""text"": ""舜生於諸馮章""}, {""level"": 4, ""text"": ""子産聴鄭國之政章""}, {""level"": 4, ""text"": ""中也養不中章""}, {""level"": 4, ""text"": ""言人之不善章""}, {""level"": 4, ""text"": ""仲尼不為己甚章""}, {""level"": 4, ""text"": ""大人者章""}, {""level"": 4, ""text"": ""養生者章""}, {""level"": 4, ""text"": ""君子深造之以道章""}, {""level"": 4, ""text"": ""博學而詳説之章""}, {""level"": 4, ""text"": ""徐子曰章""}, {""level"": 4, ""text"": ""人之所以異於禽獸章""}, {""level"": 4, ""text"": ""禹惡㫖酒章""}, {""level"": 4, ""text"": ""王者之迹熄章""}, {""level"": 4, ""text"": ""可以取章""}, {""level"": 4, ""text"": ""天下之言性也章""}, {""level"": 4, ""text"": ""君子所以異於人者章""}, {""level"": 4, ""text"": ""禹稷當平世章""}, {""level"": 4, ""text"": ""公都子問匡章章""}]"
Z005983,卷十四#p062#s1,14,卷十四,62,1,卷十四#p062,"仁甫問:""釋氏之學,何以説為髙過於《大學》而無用?""曰:""吾儒更著讀書,逐一就事物上,理㑹道理,他便都掃了這箇,他便恁地空空寂寂,恁地便道事都了,只是無用。",仁甫問釋氏之學何以説為髙過於大學而無用曰吾儒更著讀書逐一就事物上理㑹道理他便都掃了這箇他便恁地空空寂寂恁地便道事都了只是無用,62,True,False,li_only,"{""raw"": ""(賀孫/)""}","[{""level"": 2, ""text"": ""大學一""}, {""level"": 3, ""text"": ""綱領""}, {""level"": 3, ""text"": ""序""}, {""level"": 3, ""text"": ""經上""}]"
Z045678,卷八十三#p043#s1,83,卷八十三,43,1,卷八十三#p043,"今日得程《春秋解》,中間有說好處,如難理㑹處,他亦不為決然之論。",今日得程春秋解中間有說好處如難理㑹處他亦不為決然之論,26,True,False,li_only,"{""raw"": ""(賀/孫)""}","[{""level"": 2, ""text"": ""春秋""}, {""level"": 3, ""text"": ""綱領""}, {""level"": 4, ""text"": ""經(傳附/)""}, {""level"": 3, ""text"": ""有兩處說皆作刑罰字說(義剛○/十二年)""}]"
Z002291,卷五#p027#s1,5,卷五,27,1,卷五#p027,"所覺者,心之理也;能覺者,氣之靈也。",所覺者心之理也能覺者氣之靈也,14,True,True,both,"{""raw"": ""(節/)""}","[{""level"": 2, ""text"": ""性理二""}, {""level"": 3, ""text"": ""性情心意等名義""}]"
Z029137,卷五十九#p040#s3,59,卷五十九,40,3,卷五十九#p040,"但理與氣,分為兩路。",但理與氣分為兩路,8,True,True,both,"{""raw"": ""(道夫/)""}","[{""level"": 2, ""text"": ""孟子九""}, {""level"": 3, ""text"": ""告子上""}, {""level"": 4, ""text"": ""性猶杞栁章""}, {""level"": 4, ""text"": ""性猶湍水章""}, {""level"": 4, ""text"": ""生之謂性章""}, {""level"": 4, ""text"": ""食色性也章""}, {""level"": 4, ""text"": ""性無善無不善章""}, {""level"": 4, ""text"": ""富嵗子弟多賴章""}, {""level"": 4, ""text"": ""牛山之木章""}, {""level"": 4, ""text"": ""魚我所欲章""}, {""level"": 4, ""text"": ""仁人心也章""}, {""level"": 4, ""text"": ""人之於身也章""}, {""level"": 4, ""text"": ""公都子問鈞是人也章""}, {""level"": 4, ""text"": ""有天爵者章""}, {""level"": 4, ""text"": ""欲貴者人之同心章""}, {""level"": 4, ""text"": ""仁之勝不仁也章""}, {""level"": 4, ""text"": ""五榖種之羙者章""}, {""level"": 3, ""text"": ""告子下""}, {""level"": 4, ""text"": ""任人有問屋廬子章""}, {""level"": 4, ""text"": ""曹交問曰章""}, {""level"": 4, ""text"": ""淳于髠曰先名實者章""}, {""level"": 4, ""text"": ""魯欲使慎子為將軍章""}, {""level"": 4, ""text"": ""舜發於畎畝章""}, {""level"": 4, ""text"": ""教亦多術矣章""}]"
Z027884,卷五十五#p055#s15,55,卷五十五,55,15,卷五十五#p055,"蘇子由教人㸔《左傳》,不過只是㸔它事之本末,而以義理折衷去取之耳。",蘇子由教人㸔左傳不過只是㸔它事之本末而以義理折衷去取之耳,28,True,False,li_only,"{""raw"": ""(僴/)""}","[{""level"": 2, ""text"": ""孟子五""}, {""level"": 3, ""text"": ""滕文公上""}, {""level"": 4, ""text"": ""滕文公為世子章""}, {""level"": 4, ""text"": ""惡(惡不可謂從善中直下来只/是不䏻善則偏於一邊為惡)""}, {""level"": 4, ""text"": ""滕定公薨章""}, {""level"": 4, ""text"": ""滕文公問為國章""}, {""level"": 4, ""text"": ""有為神農之言章""}, {""level"": 4, ""text"": ""墨者夷之章""}, {""level"": 3, ""text"": ""滕文公下""}, {""level"": 4, ""text"": ""陳代曰不見諸侯章""}, {""level"": 4, ""text"": ""景春曰公孫衍張儀章""}, {""level"": 4, ""text"": ""公孫丑問不見諸侯章""}, {""level"": 4, ""text"": ""公都子問好辯章""}]"
Z001183,卷三#p019#s31,3,卷三,19,31,卷三#p019,"若論正理,則似樹上忽生出花葉,此便是造化之迹。",若論正理則似樹上忽生出花葉此便是造化之迹,20,True,False,li_only,,"[{""level"": 2, ""text"": ""鬼神""}]"
Z006584,卷十五#p026#s6,15,卷十五,26,6,卷十五#p026,"又有人專要理㑹事,却於根夲上,全無工夫。",又有人專要理㑹事却於根夲上全無工夫,17,True,False,li_only,"{""raw"": ""(徳明/)""}","[{""level"": 2, ""text"": ""大學二""}, {""level"": 3, ""text"": ""經下""}]"
Z005414,卷十三#p066#s1,13,卷十三,66,1,卷十三#p066,"學者實下功夫,須是日日為之,就事親、從兄、接物處事理㑹取其有未能,益加勉行。",學者實下功夫須是日日為之就事親從兄接物處事理㑹取其有未能益加勉行,32,True,False,li_only,"{""raw"": ""(端蒙/)""}","[{""level"": 2, ""text"": ""學七""}, {""level"": 3, ""text"": ""力行""}]"
Z028974,卷五十九#p001#s2,59,卷五十九,1,2,卷五十九#p001,"此惟是程先生斷得定,所謂性即理也。",此惟是程先生斷得定所謂性即理也,15,True,False,li_only,"{""raw"": ""(至/)""}","[{""level"": 2, ""text"": ""孟子九""}, {""level"": 3, ""text"": ""告子上""}, {""level"": 4, ""text"": ""性猶杞栁章""}, {""level"": 4, ""text"": ""性猶湍水章""}, {""level"": 4, ""text"": ""生之謂性章""}, {""level"": 4, ""text"": ""食色性也章""}, {""level"": 4, ""text"": ""性無善無不善章""}, {""level"": 4, ""text"": ""富嵗子弟多賴章""}, {""level"": 4, ""text"": ""牛山之木章""}, {""level"": 4, ""text"": ""魚我所欲章""}, {""level"": 4, ""text"": ""仁人心也章""}, {""level"": 4, ""text"": ""人之於身也章""}, {""level"": 4, ""text"": ""公都子問鈞是人也章""}, {""level"": 4, ""text"": ""有天爵者章""}, {""level"": 4, ""text"": ""欲貴者人之同心章""}, {""level"": 4, ""text"": ""仁之勝不仁也章""}, {""level"": 4, ""text"": ""五榖種之羙者章""}, {""level"": 3, ""text"": ""告子下""}, {""level"": 4, ""text"": ""任人有問屋廬子章""}, {""level"": 4, ""text"": ""曹交問曰章""}, {""level"": 4, ""text"": ""淳于髠曰先名實者章""}, {""level"": 4, ""text"": ""魯欲使慎子為將軍章""}, {""level"": 4, ""text"": ""舜發於畎畝章""}, {""level"": 4, ""text"": ""教亦多術矣章""}]"
Z006296,卷十四#p131#s3,14,卷十四,131,3,卷十四#p131,"若不定於理,則此心只是東去西走。",若不定於理則此心只是東去西走,14,True,False,li_only,"{""raw"": ""(泳/)""}","[{""level"": 2, ""text"": ""大學一""}, {""level"": 3, ""text"": ""綱領""}, {""level"": 3, ""text"": ""序""}, {""level"": 3, ""text"": ""經上""}]"
Z003268,卷七#p024#s2,7,卷七,24,2,卷七#p024,"""問:""此是作樂,使之聽,或其自作?""曰:""自作,若自理㑹不得,自作何益?古者國君備樂,士無故不去琴瑟,日用之物,無時不列於前。",問此是作樂使之聽或其自作曰自作若自理㑹不得自作何益古者國君備樂士無故不去琴瑟日用之物無時不列於前,48,True,False,li_only,"{""raw"": ""(可/學)""}","[{""level"": 2, ""text"": ""學一""}, {""level"": 3, ""text"": ""小學""}]"
Z044103,卷八十#p013#s8,80,卷八十,13,8,卷八十#p013,"如""漢廣徳廣所及也有何義理?却是下面""無思犯禮求而不可得""幾句,却有理。",如漢廣徳廣所及也有何義理却是下面無思犯禮求而不可得幾句却有理,30,True,False,li_only,"{""raw"": ""(大/雅)""}","[{""level"": 2, ""text"": ""詩一""}, {""level"": 3, ""text"": ""綱領""}, {""level"": 3, ""text"": ""論讀詩""}, {""level"": 3, ""text"": ""解詩""}]"
Z006580,卷十五#p026#s2,15,卷十五,26,2,卷十五#p026,"且自一念之微,以至事事物物,若靜若動,凡居處飲食、言語,無不是事,無不各有箇天理人欲,須是逐一騐過。",且自一念之微以至事事物物若靜若動凡居處飲食言語無不是事無不各有箇天理人欲須是逐一騐過,42,True,False,li_only,"{""raw"": ""(徳明/)""}","[{""level"": 2, ""text"": ""大學二""}, {""level"": 3, ""text"": ""經下""}]"
Z071526,卷一百四十#p103#s10,140,卷一百四十,103,10,卷一百四十#p103,"""曰:""他也却説道理,但到做處,亦與少游不争多。",曰他也却説道理但到做處亦與少游不争多,18,True,False,li_only,"{""raw"": ""(道/夫)""}","[{""level"": 2, ""text"": ""論文下(詩/)""}, {""level"": 3, ""text"": ""拾遺(編成而又有/遺者萃此)""}, {""level"": 3, ""text"": ""問遺書""}]"
Z030190,卷六十#p046#s1,60,卷六十,46,1,卷六十#p046,"先生問:""合虗與氣有性之名,如何看?""廣云:""虗只是理,有是理,斯有是氣。",先生問合虗與氣有性之名如何看廣云虗只是理有是理斯有是氣,27,True,True,both,"{""raw"": ""(廣/)""}","[{""level"": 2, ""text"": ""孟子十""}, {""level"": 3, ""text"": ""盡心上""}, {""level"": 4, ""text"": ""盡其心者章""}, {""level"": 4, ""text"": ""莫非命也章""}, {""level"": 4, ""text"": ""萬物皆備於我矣章""}, {""level"": 4, ""text"": ""行之而不著焉章""}, {""level"": 4, ""text"": ""待文王而後興章""}, {""level"": 4, ""text"": ""霸者之民章""}, {""level"": 4, ""text"": ""人之所不學而能者章""}, {""level"": 4, ""text"": ""舜居深山之中章""}, {""level"": 3, ""text"": ""無為其所不為章""}, {""level"": 4, ""text"": ""人之有徳慧術知章""}, {""level"": 3, ""text"": ""廣土衆民章""}, {""level"": 4, ""text"": ""孔子登東山而小魯章""}, {""level"": 4, ""text"": ""雞鳴而起章""}, {""level"": 4, ""text"": ""楊子取為我章""}, {""level"": 3, ""text"": ""堯舜性之也章""}, {""level"": 4, ""text"": ""王子墊問曰章""}, {""level"": 4, ""text"": ""桃應問曰章""}, {""level"": 4, ""text"": ""孟子自范之齊章""}, {""level"": 4, ""text"": ""形色天性章""}, {""level"": 4, ""text"": ""君子所以教者五章""}, {""level"": 4, ""text"": ""公孫丑曰道則高矣美矣章""}, {""level"": 4, ""text"": ""於不可已而已章""}, {""level"": 4, ""text"": ""知者無不知也章""}]"
Z034771,卷六十七#p005#s27,67,卷六十七,5,27,卷六十七#p005,"葢即那占筮之中,而所以處置是事之理,便在那裏了。",葢即那占筮之中而所以處置是事之理便在那裏了,21,True,False,li_only,"{""raw"": ""(賀/孫)""}","[{""level"": 2, ""text"": ""易三""}, {""level"": 3, ""text"": ""綱領下""}, {""level"": 4, ""text"": ""邵子易""}, {""level"": 4, ""text"": ""程子易傳""}, {""level"": 4, ""text"": ""朱子本義啟蒙""}, {""level"": 4, ""text"": ""讀易之法""}, {""level"": 4, ""text"": ""總論卦彖爻""}, {""level"": 4, ""text"": ""卦體卦變""}, {""level"": 4, ""text"": ""辭義""}, {""level"": 4, ""text"": ""上下經上下繫""}, {""level"": 4, ""text"": ""論易明人事""}, {""level"": 4, ""text"": ""論後世易象""}]"
Z064124,卷一百二十六#p004#s7,126,卷一百二十六,4,7,卷一百二十六#p004,"而《清靜經》中,偷此句意思,却説無無亦無,只偷得他色即是空,却不曾理㑹得他受想、行識,亦復如是之意,全無道理。",而清靜經中偷此句意思却説無無亦無只偷得他色即是空却不曾理㑹得他受想行識亦復如是之意全無道理,45,True,False,li_only,"{""raw"": ""(明/作)""}","[{""level"": 3, ""text"": ""釋氏""}]"
Z026592,卷五十二#p114#s1,52,卷五十二,114,1,卷五十二#p114,"配義與道,道是體,一事有一理是體,到隨事區處,便是義。",配義與道道是體一事有一理是體到隨事區處便是義,22,True,False,li_only,"{""raw"": ""(士毅/)""}","[{""level"": 2, ""text"": ""孟子二""}, {""level"": 3, ""text"": ""公孫丑上""}, {""level"": 4, ""text"": ""問夫子當路於齊章""}, {""level"": 4, ""text"": ""問夫子加齊之卿相章""}]"
Z014547,卷二十六#p091#s13,26,卷二十六,91,13,卷二十六#p091,"這不待勉强,又不是不勉而中,從容中道,只是見得通透,做得順便,如所謂樂循理底意思。",這不待勉强又不是不勉而中從容中道只是見得通透做得順便如所謂樂循理底意思,35,True,False,li_only,"{""raw"": ""(賀孫/)""}","[{""level"": 2, ""text"": ""論語八""}, {""level"": 3, ""text"": ""里仁篇上""}, {""level"": 4, ""text"": ""里仁為美章""}, {""level"": 4, ""text"": ""不仁者不可以久處約章""}, {""level"": 4, ""text"": ""惟仁者能好人能惡人章""}, {""level"": 4, ""text"": ""苟志於仁章""}, {""level"": 4, ""text"": ""冨與貴章""}, {""level"": 4, ""text"": ""我未見好仁者章""}, {""level"": 4, ""text"": ""人之過也章""}, {""level"": 4, ""text"": ""朝聞道章""}, {""level"": 4, ""text"": ""士志於道章""}, {""level"": 4, ""text"": ""君子之於天下也章""}, {""level"": 4, ""text"": ""君子懐徳章""}, {""level"": 4, ""text"": ""放於利而行章""}, {""level"": 4, ""text"": ""能以禮讓為國章""}, {""level"": 4, ""text"": ""不患無位章""}]"
Z062546,卷一百二十一#p051#s8,121,卷一百二十一,51,8,卷一百二十一#p051,"范純夫語解,比諸公説理,最平淺,但自有寛舒氣象,儘好。",范純夫語解比諸公説理最平淺但自有寛舒氣象儘好,22,True,True,both,"{""raw"": ""(賀孫/)""}","[{""level"": 2, ""text"": ""朱子十八""}, {""level"": 3, ""text"": ""訓門人九(總訓門人而無/名字者為此卷)""}]"
Z030752,卷六十一#p013#s1,61,卷六十一,13,1,卷六十一#p013,"問合而言之,道也?""曰:""只説仁不説人,則此道理安頓,何䖏?只説人不説仁,則人者特一塊血肉耳。",問合而言之道也曰只説仁不説人則此道理安頓何䖏只説人不説仁則人者特一塊血肉耳,37,True,False,li_only,"{""raw"": ""(必大/)""}","[{""level"": 2, ""text"": ""孟子十一""}, {""level"": 3, ""text"": ""盡心下""}, {""level"": 4, ""text"": ""盡信書章""}, {""level"": 4, ""text"": ""舜之飯糗茹草章""}, {""level"": 4, ""text"": ""好名之人章""}, {""level"": 4, ""text"": ""民為貴章""}, {""level"": 4, ""text"": ""仁也者人也章""}, {""level"": 4, ""text"": ""貉稽曰章""}, {""level"": 4, ""text"": ""口之於味也章""}, {""level"": 4, ""text"": ""浩生不害問曰章""}, {""level"": 4, ""text"": ""逃墨必歸於楊章""}, {""level"": 4, ""text"": ""盆成括仕於齊章""}, {""level"": 4, ""text"": ""人皆有所不忍章""}, {""level"": 4, ""text"": ""言近而指逺章""}, {""level"": 4, ""text"": ""堯舜性者也章""}, {""level"": 4, ""text"": ""說大人則藐之章""}, {""level"": 4, ""text"": ""養心莫善於寡欲章""}, {""level"": 4, ""text"": ""曾晢嗜羊棗章""}, {""level"": 4, ""text"": ""萬章問孔子在陳章""}, {""level"": 4, ""text"": ""由堯舜至於湯章""}]"
Z062564,卷一百二十一#p058#s2,121,卷一百二十一,58,2,卷一百二十一#p058,"若真箇去窮底,豈有窮不得之理?若心堅,便是石也穿,豈有道理了窮不得之理?而今説又怕有窮不得處,又怕如何,又計較如何,都是枉了。",若真箇去窮底豈有窮不得之理若心堅便是石也穿豈有道理了窮不得之理而今説又怕有窮不得處又怕如何又計較如何都是枉了,54,True,False,li_only,"{""raw"": ""(去都是枉/了工夫)""}","[{""level"": 2, ""text"": ""朱子十八""}, {""level"": 3, ""text"": ""訓門人九(總訓門人而無/名字者為此卷)""}]"
Z055888,卷一百四#p028#s9,104,卷一百四,28,9,卷一百四#p028,"""器之又問:""先生徃時初學,亦覺心有不專一否?""曰:""某初為學,全無見成規模,這邊也去理㑹尋討,那邊也去理㑹尋討。",器之又問先生徃時初學亦覺心有不專一否曰某初為學全無見成規模這邊也去理㑹尋討那邊也去理㑹尋討,45,True,False,li_only,"{""raw"": ""(賀孫/)""}","[{""level"": 2, ""text"": ""朱子一""}, {""level"": 3, ""text"": ""自論為學工夫""}]"
Z022843,卷四十一#p075#s6,41,卷四十一,75,6,卷四十一#p075,"若於眼前底,識得分明,既不肯去做,便却旋旋見得細密底道理。",若於眼前底識得分明既不肯去做便却旋旋見得細密底道理,25,True,False,li_only,"{""raw"": ""(時舉/)""}","[{""level"": 2, ""text"": ""論語二十三""}, {""level"": 3, ""text"": ""顔淵篇上""}, {""level"": 4, ""text"": ""顔淵問仁章""}]"
Z009101,卷十八#p073#s1,18,卷十八,73,1,卷十八#p073,"問:""程子謂致知節目如何?""曰:""如此理會也未可,須存得此心,却逐節子思索,自然有个覺處,如諺所謂冷灰裡豆爆。",問程子謂致知節目如何曰如此理會也未可須存得此心却逐節子思索自然有个覺處如諺所謂冷灰裡豆爆,44,True,False,li_only,"{""raw"": ""(季札/)""}","[{""level"": 2, ""text"": ""大學五(或問下/)""}, {""level"": 3, ""text"": ""獨其所謂格物致知者一段""}, {""level"": 3, ""text"": ""然則吾子之意亦可得而悉聞一段""}, {""level"": 3, ""text"": ""近世大儒有為格物致知之説一段""}, {""level"": 3, ""text"": ""傳六章""}, {""level"": 3, ""text"": ""傳七章""}, {""level"": 3, ""text"": ""傳九章""}, {""level"": 3, ""text"": ""傳十章""}]"
Z009244,卷十八#p089#s13,18,卷十八,89,13,卷十八#p089,"别更那有道理,只是這个熟處,自見精微。",别更那有道理只是這个熟處自見精微,16,True,False,li_only,"{""raw"": ""(賀/孫)""}","[{""level"": 2, ""text"": ""大學五(或問下/)""}, {""level"": 3, ""text"": ""獨其所謂格物致知者一段""}, {""level"": 3, ""text"": ""然則吾子之意亦可得而悉聞一段""}, {""level"": 3, ""text"": ""近世大儒有為格物致知之説一段""}, {""level"": 3, ""text"": ""傳六章""}, {""level"": 3, ""text"": ""傳七章""}, {""level"": 3, ""text"": ""傳九章""}, {""level"": 3, ""text"": ""傳十章""}]"
Z059372,卷一百十六#p001#s1,116,卷一百十六,1,1,卷一百十六#p001,"問:""平時處事,當未接時,見得道理甚分眀,及做著,又便錯了,不知如何恁地?""曰:""這是難事,但須是知得病痛處,便去著力。",問平時處事當未接時見得道理甚分眀及做著又便錯了不知如何恁地曰這是難事但須是知得病痛處便去著力,46,True,False,li_only,"{""raw"": ""(剛/)""}","[{""level"": 2, ""text"": ""朱子十三""}, {""level"": 3, ""text"": ""訓門人四""}]"
Z050033,卷九十三#p045#s1,93,卷九十三,45,1,卷九十三#p045,"問:""周子是從上面先見得?""曰:""也未見得是恁地否?但是周先生天資髙,想見下面工夫也不大,故費力,而今學者,須是從下學理㑹。",問周子是從上面先見得曰也未見得是恁地否但是周先生天資髙想見下面工夫也不大故費力而今學者須是從下學理㑹,50,True,False,li_only,"{""raw"": ""(䕫孫○/周子)""}","[{""level"": 2, ""text"": ""孔孟周程""}]"
Z058739,卷一百十四#p020#s2,114,卷一百十四,20,2,卷一百十四#p020,"平日常常㸔書,否則便思索義理,其他邪妄不見来。",平日常常㸔書否則便思索義理其他邪妄不見来,20,True,False,li_only,,"[{""level"": 2, ""text"": ""朱子十一""}, {""level"": 3, ""text"": ""訓門人二""}]"
Z056463,卷一百六#p027#s41,106,卷一百六,27,41,卷一百六#p027,"某毎到,即以法曉諭,定要如此,亦使磨底磨得,子細審底審得子細,有新簿、舊簿不同處,便批出理㑹。",某毎到即以法曉諭定要如此亦使磨底磨得子細審底審得子細有新簿舊簿不同處便批出理㑹,39,True,False,li_only,"{""raw"": ""(賀孫/)""}","[{""level"": 2, ""text"": ""朱子三(外任/)""}, {""level"": 3, ""text"": ""同安主簿""}, {""level"": 3, ""text"": ""南康""}, {""level"": 3, ""text"": ""總論作郡""}, {""level"": 3, ""text"": ""浙東""}, {""level"": 3, ""text"": ""漳州""}, {""level"": 3, ""text"": ""潭州""}]"
Z062091,卷一百二十#p097#s8,120,卷一百二十,97,8,卷一百二十#p097,"""又曰:""只有《大學》,教人致知格物底,便是就這處理㑹,到意誠心正處,展開去,自然大。",又曰只有大學教人致知格物底便是就這處理㑹到意誠心正處展開去自然大,32,True,False,li_only,"{""raw"": ""(賀孫/)""}","[{""level"": 2, ""text"": ""朱子十七""}, {""level"": 3, ""text"": ""訓門人八(雜訓諸門人/者為此卷)""}]"
Z005150,卷十二#p143#s17,12,卷十二,143,17,卷十二#p143,""")雖然,動静無端,亦無截然為動為静之理。",雖然動静無端亦無截然為動為静之理,16,True,False,li_only,"{""raw"": ""(砥/)""}","[{""level"": 2, ""text"": ""學六""}, {""level"": 3, ""text"": ""持守""}]"
Z009314,卷十八#p100#s2,18,卷十八,100,2,卷十八#p100,"今日窮理,所以要收拾歸於一。",今日窮理所以要收拾歸於一,12,True,False,li_only,"{""raw"": ""(泳/)""}","[{""level"": 2, ""text"": ""大學五(或問下/)""}, {""level"": 3, ""text"": ""獨其所謂格物致知者一段""}, {""level"": 3, ""text"": ""然則吾子之意亦可得而悉聞一段""}, {""level"": 3, ""text"": ""近世大儒有為格物致知之説一段""}, {""level"": 3, ""text"": ""傳六章""}, {""level"": 3, ""text"": ""傳七章""}, {""level"": 3, ""text"": ""傳九章""}, {""level"": 3, ""text"": ""傳十章""}]"
Z005624,卷十三#p128#s4,13,卷十三,128,4,卷十三#p128,"如此則方寸之間,全是天理,雖遇大困厄,有致命遂志而已,亦不知有人之是非向背,惟其是而已。",如此則方寸之間全是天理雖遇大困厄有致命遂志而已亦不知有人之是非向背惟其是而已,38,True,False,li_only,"{""raw"": ""(大雅/)""}","[{""level"": 2, ""text"": ""學七""}, {""level"": 3, ""text"": ""力行""}]"
Z055382,卷一百一#p183#s3,101,卷一百一,183,3,卷一百一#p183,"至於體用,豈可言異?觀天理、人欲所以不同者,其本原元自不同,何待用也?胡氏之學,大率於大本處,看不分曉,故銳於闢異端,而不免自入一脚也。",至於體用豈可言異觀天理人欲所以不同者其本原元自不同何待用也胡氏之學大率於大本處看不分曉故銳於闢異端而不免自入一脚也,57,True,False,li_only,"{""raw"": ""(大雅/)""}","[{""level"": 2, ""text"": ""程子門人""}, {""level"": 3, ""text"": ""摠論""}, {""level"": 3, ""text"": ""吕與叔""}, {""level"": 3, ""text"": ""謝顯道""}, {""level"": 3, ""text"": ""楊中立""}, {""level"": 3, ""text"": ""游定夫""}, {""level"": 3, ""text"": ""侯希聖""}, {""level"": 3, ""text"": ""尹彦明""}, {""level"": 3, ""text"": ""張思叔""}, {""level"": 3, ""text"": ""郭立之(子和/)""}, {""level"": 3, ""text"": ""胡康侯(雖非門人而嘗見謝/楊今附○子姪附)""}]"
Z045909,卷八十三#p082#s6,83,卷八十三,82,6,卷八十三#p082,"中國之諸侯,晉以私伐之,乃反使楚人來救,如晋侯侵曹,晉侯伐衞,楚人救衞,其辭皆聖人筆削,要來此處㸔義理。",中國之諸侯晉以私伐之乃反使楚人來救如晋侯侵曹晉侯伐衞楚人救衞其辭皆聖人筆削要來此處㸔義理,44,True,False,li_only,"{""raw"": ""(揚○僖/四年)""}","[{""level"": 2, ""text"": ""春秋""}, {""level"": 3, ""text"": ""綱領""}, {""level"": 4, ""text"": ""經(傳附/)""}, {""level"": 3, ""text"": ""有兩處說皆作刑罰字說(義剛○/十二年)""}]"
Z010510,卷二十#p118#s4,20,卷二十,118,4,卷二十#p118,"故論性以仁為孝弟之本,為仁以孝弟為本,這箇仁字,是指其周遍及物者言之;以仁為孝弟之本,這箇仁字,是指其本體發動處言之否?曰:""是道理都自仁裏發出。",故論性以仁為孝弟之本為仁以孝弟為本這箇仁字是指其周遍及物者言之以仁為孝弟之本這箇仁字是指其本體發動處言之否曰是道理都自仁裏發出,63,True,False,li_only,"{""raw"": ""(賀孫/)""}","[{""level"": 2, ""text"": ""論語二""}, {""level"": 3, ""text"": ""學而篇上""}, {""level"": 4, ""text"": ""子曰學而時習之章""}, {""level"": 4, ""text"": ""有子曰其為人也孝弟章""}, {""level"": 4, ""text"": ""巧言令色章""}]"
Z031330,卷六十二#p039#s15,62,卷六十二,39,15,卷六十二#p039,"""先生曰:""是同行者,謂二人同行於天理中,一人日從天理,一人専徇人欲,是異情。",先生曰是同行者謂二人同行於天理中一人日從天理一人専徇人欲是異情,31,True,False,li_only,"{""raw"": ""(可學/)""}","[{""level"": 2, ""text"": ""中庸一""}, {""level"": 3, ""text"": ""綱領""}, {""level"": 3, ""text"": ""章句序""}, {""level"": 3, ""text"": ""章句""}, {""level"": 3, ""text"": ""第一章""}]"
Z022999,卷四十一#p097#s1,41,卷四十一,97,1,卷四十一#p097,"林正卿問天下歸仁曰:""痒痾疾痛,舉切吾身,只是存想天下歸仁恁地,則不須克己,只坐定存想,月十日便自天下歸仁,豈有此理?""時舉問程先生曰:""事事皆仁,故曰天下歸仁是如何?""曰:""事事皆仁,所以天下歸仁。",林正卿問天下歸仁曰痒痾疾痛舉切吾身只是存想天下歸仁恁地則不須克己只坐定存想月十日便自天下歸仁豈有此理時舉問程先生曰事事皆仁故曰天下歸仁是如何曰事事皆仁所以天下歸仁,81,True,False,li_only,"{""raw"": ""(時舉/)""}","[{""level"": 2, ""text"": ""論語二十三""}, {""level"": 3, ""text"": ""顔淵篇上""}, {""level"": 4, ""text"": ""顔淵問仁章""}]"
Z022819,卷四十一#p070#s8,41,卷四十一,70,8,卷四十一#p070,"(必大録》此云:""上句言/其理,下句是工夫。",必大録此云上句言其理下句是工夫,15,True,False,li_only,"{""raw"": ""(㽦/)""}","[{""level"": 2, ""text"": ""論語二十三""}, {""level"": 3, ""text"": ""顔淵篇上""}, {""level"": 4, ""text"": ""顔淵問仁章""}]"
Z060685,卷一百十八#p047#s2,118,卷一百十八,47,2,卷一百十八#p047,"大槩只是要見得道理分眀,逐事上自有一箇道理易》曰:'探頥索隱頥處不是奧,是紛亂時,隱是隱奥也,全在探索上。",大槩只是要見得道理分眀逐事上自有一箇道理易曰探頥索隱頥處不是奧是紛亂時隱是隱奥也全在探索上,45,True,False,li_only,"{""raw"": ""(訓眀/作)""}","[{""level"": 2, ""text"": ""朱子十五""}, {""level"": 3, ""text"": ""訓門人六""}]"
Z015385,卷二十七#p112#s2,27,卷二十七,112,2,卷二十七#p112,"見義理底,不見得利害;見利害底,不見得義理。",見義理底不見得利害見利害底不見得義理,18,True,False,li_only,"{""raw"": ""(卓/)""}","[{""level"": 2, ""text"": ""論語九""}, {""level"": 3, ""text"": ""里仁篇下""}, {""level"": 4, ""text"": ""子曰參乎章""}, {""level"": 4, ""text"": ""君子喻於義章""}, {""level"": 4, ""text"": ""見賢思齊焉章""}, {""level"": 4, ""text"": ""事父母幾諫章""}, {""level"": 4, ""text"": ""父母在章""}, {""level"": 4, ""text"": ""父母之年章""}, {""level"": 3, ""text"": ""古者言之不出章""}, {""level"": 4, ""text"": ""以約失之章""}, {""level"": 4, ""text"": ""君子欲訥於言章""}, {""level"": 4, ""text"": ""徳不孤章""}, {""level"": 4, ""text"": ""事君數章""}]"
Z022145,卷四十#p032#s1,40,卷四十,32,1,卷四十#p032,"所謂""天理流行""一句,須是先自盡於一心,然後及物,則能隨寓而樂。",所謂天理流行一句須是先自盡於一心然後及物則能隨寓而樂,26,True,False,li_only,"{""raw"": ""(士毅/)""}","[{""level"": 2, ""text"": ""論語二十二""}, {""level"": 3, ""text"": ""先進篇下""}, {""level"": 4, ""text"": ""季子然問仲由冉求章""}, {""level"": 4, ""text"": ""子路使子羔為費宰章""}, {""level"": 4, ""text"": ""子路曾晳冉有公西華侍坐章""}]"
Z034776,卷六十七#p005#s32,67,卷六十七,5,32,卷六十七#p005,"到得夫子,方始純以理言,雖未必是羲、文本意,而事上說理,亦是如此。",到得夫子方始純以理言雖未必是羲文本意而事上說理亦是如此,27,True,False,li_only,"{""raw"": ""(賀/孫)""}","[{""level"": 2, ""text"": ""易三""}, {""level"": 3, ""text"": ""綱領下""}, {""level"": 4, ""text"": ""邵子易""}, {""level"": 4, ""text"": ""程子易傳""}, {""level"": 4, ""text"": ""朱子本義啟蒙""}, {""level"": 4, ""text"": ""讀易之法""}, {""level"": 4, ""text"": ""總論卦彖爻""}, {""level"": 4, ""text"": ""卦體卦變""}, {""level"": 4, ""text"": ""辭義""}, {""level"": 4, ""text"": ""上下經上下繫""}, {""level"": 4, ""text"": ""論易明人事""}, {""level"": 4, ""text"": ""論後世易象""}]"
Z061766,卷一百二十#p046#s1,120,卷一百二十,46,1,卷一百二十#p046,"吳伯英講書,先生因曰:""凡人讀書,湏虚心入裏,玩味道理,不可只説得皮膚上。",吳伯英講書先生因曰凡人讀書湏虚心入裏玩味道理不可只説得皮膚上,30,True,False,li_only,,"[{""level"": 2, ""text"": ""朱子十七""}, {""level"": 3, ""text"": ""訓門人八(雜訓諸門人/者為此卷)""}]"
Z031409,卷六十二#p054#s4,62,卷六十二,54,4,卷六十二#p054,"""曰:""總而言之,又只是一箇理否?""曰:""是。",曰總而言之又只是一箇理否曰是,14,True,False,li_only,"{""raw"": ""(淳/)""}","[{""level"": 2, ""text"": ""中庸一""}, {""level"": 3, ""text"": ""綱領""}, {""level"": 3, ""text"": ""章句序""}, {""level"": 3, ""text"": ""章句""}, {""level"": 3, ""text"": ""第一章""}]"
